,date,year,month,day,campaing,site,depth_cm,zone,ehf_m_v,time,tsoil,tmean,notes,x14,x15,x16,Eh,depth_cat
1,8/17/2022,2022,8,17,MonMon,OWC,5,W,-48.2,14:22:00,31,32.5,NA,NA,NA,NA,152.875,5
2,8/17/2022,2022,8,17,MonMon,OWC,5,W,-81.7,14:26:00,34,32.5,NA,NA,NA,NA,119.375,5
3,8/17/2022,2022,8,17,MonMon,OWC,5,W,60.3,14:30:00,NA,32.5,NA,NA,NA,NA,261.375,5
4,8/17/2022,2022,8,17,MonMon,OWC,5,W,123.3,14:33:00,NA,32.5,NA,NA,NA,NA,324.375,5
5,8/17/2022,2022,8,17,MonMon,OWC,5,W,-22.3,14:35:00,NA,32.5,NA,NA,NA,NA,178.775,5
6,8/17/2022,2022,8,17,MonMon,OWC,5,W,-37.2,14:37:00,NA,32.5,NA,NA,NA,NA,163.875,5
7,8/17/2022,2022,8,17,MonMon,OWC,10,W,-116.8,14:40:00,NA,32.5,NA,NA,NA,NA,84.275,10
8,8/17/2022,2022,8,17,MonMon,OWC,10,W,-125.4,14:43:00,NA,32.5,NA,NA,NA,NA,75.675,10
9,8/17/2022,2022,8,17,MonMon,OWC,10,W,-122.1,14:46:00,NA,32.5,NA,NA,NA,NA,78.975,10
10,8/17/2022,2022,8,17,MonMon,OWC,10,W,-151.1,14:49:00,NA,32.5,NA,NA,NA,NA,49.975,10
11,8/17/2022,2022,8,17,MonMon,OWC,10,W,-123.6,14:52:00,NA,32.5,NA,NA,NA,NA,77.475,10
12,8/17/2022,2022,8,17,MonMon,OWC,10,W,-128.5,14:55:00,NA,32.5,NA,NA,NA,NA,72.575,10
13,9/16/2022,2022,9,16,MonMon,CRC,10,W,302.7,12:00:00,15,15.64,NA,NA,NA,NA,515.88048,10
14,9/16/2022,2022,9,16,MonMon,CRC,10,W,313.3,NA,15.5,15.64,NA,NA,NA,NA,526.48048,10
15,9/16/2022,2022,9,16,MonMon,CRC,10,W,277.5,NA,17.4,15.64,NA,NA,NA,NA,490.68048,10
16,9/16/2022,2022,9,16,MonMon,CRC,10,W,270.7,NA,14.8,15.64,NA,NA,NA,NA,483.88048,10
17,9/16/2022,2022,9,16,MonMon,CRC,10,TR,-268.1,15:30:00,15.5,15.64,NA,NA,NA,NA,-54.91952,10
18,9/16/2022,2022,9,16,MonMon,CRC,10,TR,-341.8,NA,NA,15.64,NA,NA,NA,NA,-128.61952,10
19,9/16/2022,2022,9,16,MonMon,CRC,10,TR,-467,NA,NA,15.64,NA,NA,NA,NA,-253.81952,10
20,9/16/2022,2022,9,16,MonMon,CRC,20,W,282.3,NA,NA,15.64,NA,NA,NA,NA,495.48048,20
21,9/16/2022,2022,9,16,MonMon,CRC,20,W,333.2,NA,NA,15.64,NA,NA,NA,NA,546.38048,20
22,9/16/2022,2022,9,16,MonMon,CRC,20,W,275.5,NA,NA,15.64,NA,NA,NA,NA,488.68048,20
23,9/16/2022,2022,9,16,MonMon,CRC,20,W,273.5,NA,NA,15.64,NA,NA,NA,NA,486.68048,20
24,9/16/2022,2022,9,16,MonMon,CRC,20,TR,80.6,NA,NA,15.64,NA,NA,NA,NA,293.78048,20
25,9/16/2022,2022,9,16,MonMon,CRC,20,TR,44.5,NA,NA,15.64,NA,NA,NA,NA,257.68048,20
26,9/16/2022,2022,9,16,MonMon,CRC,20,TR,90.2,NA,NA,15.64,NA,NA,NA,NA,303.38048,20
27,9/23/2022,2022,9,23,MonMon,PTR,5,TR,355.2,NA,NA,15.64,NA,NA,NA,NA,568.38048,5
28,9/23/2022,2022,9,23,MonMon,PTR,5,TR,285.2,NA,NA,15.64,NA,NA,NA,NA,498.38048,5
29,9/23/2022,2022,9,23,MonMon,PTR,5,TR,311.4,NA,NA,15.64,NA,NA,NA,NA,524.58048,5
30,9/23/2022,2022,9,23,MonMon,PTR,10,UP,288.7,8:35:00,NA,15.64,NA,NA,NA,NA,501.88048,10
31,9/23/2022,2022,9,23,MonMon,PTR,10,UP,394.3,NA,NA,15.64,NA,NA,NA,NA,607.48048,10
32,9/23/2022,2022,9,23,MonMon,PTR,10,UP,191.7,NA,NA,15.64,NA,NA,NA,NA,404.88048,10
33,9/23/2022,2022,9,23,MonMon,PTR,10,W,396.4,NA,NA,15.64,NA,NA,NA,NA,609.58048,10
34,9/23/2022,2022,9,23,MonMon,PTR,10,W,396.4,NA,NA,15.64,NA,NA,NA,NA,609.58048,10
35,9/23/2022,2022,9,23,MonMon,PTR,10,W,407.8,NA,NA,15.64,NA,NA,NA,NA,620.98048,10
36,9/23/2022,2022,9,23,MonMon,PTR,20,W,415.8,NA,NA,15.64,NA,NA,NA,NA,628.98048,20
37,9/23/2022,2022,9,23,MonMon,PTR,20,W,418.6,NA,NA,15.64,NA,NA,NA,NA,631.78048,20
38,9/23/2022,2022,9,23,MonMon,PTR,20,W,419.2,NA,NA,15.64,NA,NA,NA,NA,632.38048,20
39,9/30/2022,2022,9,30,MonMon,OWC,10,W,-253.8,12:00:00,NA,15.64,NA,NA,NA,NA,-40.61952,10
40,9/30/2022,2022,9,30,MonMon,OWC,10,W,-275.4,NA,NA,15.64,NA,NA,NA,NA,-62.21952,10
41,9/30/2022,2022,9,30,MonMon,OWC,10,W,-311.7,NA,NA,15.64,NA,NA,NA,NA,-98.51952,10
42,9/30/2022,2022,9,30,MonMon,OWC,20,W,-215.8,NA,NA,15.64,NA,NA,NA,NA,-2.61952,20
43,9/30/2022,2022,9,30,MonMon,OWC,20,W,-185.9,NA,NA,15.64,NA,NA,NA,NA,27.28048,20
44,9/30/2022,2022,9,30,MonMon,OWC,20,W,-315.7,NA,NA,15.64,NA,NA,NA,NA,-102.51952,20
45,10/14/2022,2022,10,14,MonMon,CRC,10,W,369.9,NA,NA,15.64,NA,NA,NA,NA,583.08048,10
46,10/14/2022,2022,10,14,MonMon,CRC,10,W,459.6,NA,NA,15.64,NA,NA,NA,NA,672.78048,10
47,10/14/2022,2022,10,14,MonMon,CRC,10,W,458.1,NA,NA,15.64,NA,NA,NA,NA,671.28048,10
48,10/14/2022,2022,10,14,MonMon,CRC,10,TR,457.1,12:50:00,NA,15.64,NA,NA,NA,NA,670.28048,10
49,10/14/2022,2022,10,14,MonMon,CRC,10,TR,428.2,12:50:00,NA,15.64,NA,NA,NA,NA,641.38048,10
50,10/14/2022,2022,10,14,MonMon,CRC,10,TR,440.9,12:50:00,NA,15.64,NA,NA,NA,NA,654.08048,10
51,10/14/2022,2022,10,14,MonMon,CRC,10,UP,313.3,1:28:00,NA,15.64,NA,NA,NA,NA,526.48048,10
52,10/14/2022,2022,10,14,MonMon,CRC,10,UP,366.3,1:28:00,NA,15.64,NA,NA,NA,NA,579.48048,10
53,10/14/2022,2022,10,14,MonMon,CRC,10,UP,350.1,1:28:00,NA,15.64,NA,NA,NA,NA,563.28048,10
54,10/14/2022,2022,10,14,MonMon,CRC,20,W,436.6,NA,NA,15.64,NA,NA,NA,NA,649.78048,20
55,10/14/2022,2022,10,14,MonMon,CRC,20,W,466,NA,NA,15.64,NA,NA,NA,NA,679.18048,20
56,10/14/2022,2022,10,14,MonMon,CRC,20,W,448.4,NA,NA,15.64,NA,NA,NA,NA,661.58048,20
57,10/14/2022,2022,10,14,MonMon,CRC,20,TR,407.1,12:50:00,NA,15.64,NA,NA,NA,NA,620.28048,20
58,10/14/2022,2022,10,14,MonMon,CRC,20,TR,431.2,12:50:00,NA,15.64,NA,NA,NA,NA,644.38048,20
59,10/14/2022,2022,10,14,MonMon,CRC,20,TR,378.2,12:50:00,NA,15.64,NA,NA,NA,NA,591.38048,20
60,10/21/2022,2022,10,21,MonMon,OWC,10,W,-115.1,10:35:00,NA,15.64,NA,NA,NA,NA,98.08048,10
61,10/21/2022,2022,10,21,MonMon,OWC,10,W,-112.9,NA,NA,15.64,NA,NA,NA,NA,100.28048,10
62,10/21/2022,2022,10,21,MonMon,OWC,10,W,-65.9,NA,NA,15.64,NA,NA,NA,NA,147.28048,10
63,10/21/2022,2022,10,21,MonMon,OWC,10,UP,399.4,NA,NA,15.64,NA,NA,NA,NA,612.58048,10
64,10/21/2022,2022,10,21,MonMon,OWC,10,UP,260.1,NA,NA,15.64,NA,NA,NA,NA,473.28048,10
65,10/21/2022,2022,10,21,MonMon,OWC,10,UP,378.9,NA,NA,15.64,NA,NA,NA,NA,592.08048,10
66,10/21/2022,2022,10,21,MonMon,OWC,10,TR,317.5,11:00:00,NA,15.64,NA,NA,NA,NA,530.68048,10
67,10/21/2022,2022,10,21,MonMon,OWC,10,TR,339.9,NA,NA,15.64,NA,NA,NA,NA,553.08048,10
68,10/21/2022,2022,10,21,MonMon,OWC,10,TR,280.3,NA,NA,15.64,NA,NA,NA,NA,493.48048,10
69,10/21/2022,2022,10,21,MonMon,OWC,10,TR,336.1,NA,NA,15.64,S58-GHG soilcollar,NA,NA,NA,549.28048,10
70,10/21/2022,2022,10,21,MonMon,OWC,10,TR,294,NA,NA,15.64,S58-GHG soilcollar,NA,NA,NA,507.18048,10
71,10/21/2022,2022,10,21,MonMon,OWC,10,TR,326.2,NA,NA,15.64,S58-GHG soilcollar,NA,NA,NA,539.38048,10
72,10/21/2022,2022,10,21,MonMon,OWC,10,TR,327.1,NA,NA,15.64,S63-GHG soilcollar,NA,NA,NA,540.28048,10
73,10/21/2022,2022,10,21,MonMon,OWC,10,TR,277.8,NA,NA,15.64,S63-GHG soilcollar,NA,NA,NA,490.98048,10
74,10/21/2022,2022,10,21,MonMon,OWC,10,TR,344.5,NA,NA,15.64,S63-GHG soilcollar,NA,NA,NA,557.68048,10
75,10/21/2022,2022,10,21,MonMon,OWC,20,W,-119.7,NA,NA,15.64,NA,NA,NA,NA,93.48048,20
76,10/21/2022,2022,10,21,MonMon,OWC,20,W,-102.7,NA,NA,15.64,NA,NA,NA,NA,110.48048,20
77,10/21/2022,2022,10,21,MonMon,OWC,20,W,-322.9,NA,NA,15.64,NA,NA,NA,NA,-109.71952,20
78,10/21/2022,2022,10,21,MonMon,OWC,20,UP,288.1,NA,NA,15.64,NA,NA,NA,NA,501.28048,20
79,10/21/2022,2022,10,21,MonMon,OWC,20,UP,329.9,NA,NA,15.64,NA,NA,NA,NA,543.08048,20
80,10/21/2022,2022,10,21,MonMon,OWC,20,UP,364.7,NA,NA,15.64,NA,NA,NA,NA,577.88048,20
81,10/21/2022,2022,10,21,MonMon,OWC,20,TR,330.2,NA,NA,15.64,NA,NA,NA,NA,543.38048,20
82,10/21/2022,2022,10,21,MonMon,OWC,20,TR,346.8,NA,NA,15.64,NA,NA,NA,NA,559.98048,20
83,10/21/2022,2022,10,21,MonMon,OWC,20,TR,187.2,NA,NA,15.64,NA,NA,NA,NA,400.38048,20
84,10/21/2022,2022,10,21,MonMon,OWC,20,TR,347.9,NA,NA,15.64,NA,NA,NA,NA,561.08048,20
85,10/21/2022,2022,10,21,MonMon,OWC,20,TR,320.3,NA,NA,15.64,S58-GHG soilcollar,NA,NA,NA,533.48048,20
86,10/21/2022,2022,10,21,MonMon,OWC,20,TR,301.2,NA,NA,15.64,S58-GHG soilcollar,NA,NA,NA,514.38048,20
87,10/21/2022,2022,10,21,MonMon,OWC,20,TR,317.4,NA,NA,15.64,S58-GHG soilcollar,NA,NA,NA,530.58048,20
88,10/21/2022,2022,10,21,MonMon,OWC,20,TR,360.4,NA,NA,15.64,S63-GHG soilcollar,NA,NA,NA,573.58048,20
89,10/21/2022,2022,10,21,MonMon,OWC,20,TR,359.3,NA,NA,15.64,S63-GHG soilcollar,NA,NA,NA,572.48048,20
90,10/21/2022,2022,10,21,MonMon,OWC,20,TR,361.3,NA,NA,15.64,S63-GHG soilcollar,NA,NA,NA,574.48048,20
91,11/4/2022,2022,11,4,MonMon,OWC,10,TR,385.5,NA,11.9,13.17,NA,NA,NA,NA,600.45394,10
92,11/4/2022,2022,11,4,MonMon,OWC,10,TR,322.9,NA,11.7,13.17,NA,NA,NA,NA,537.85394,10
93,11/4/2022,2022,11,4,MonMon,OWC,10,TR,264.9,NA,14.7,13.17,NA,NA,NA,NA,479.85394,10
94,11/4/2022,2022,11,4,MonMon,OWC,10,UP,354.1,NA,12.9,13.17,NA,NA,NA,NA,569.05394,10
95,11/4/2022,2022,11,4,MonMon,OWC,10,UP,257.9,NA,13.6,13.17,NA,NA,NA,NA,472.85394,10
96,11/4/2022,2022,11,4,MonMon,OWC,10,UP,357.3,NA,14.2,13.17,NA,NA,NA,NA,572.25394,10
97,11/4/2022,2022,11,4,MonMon,OWC,10,W,-103.9,NA,NA,13.17,NA,NA,NA,NA,111.05394,10
98,11/4/2022,2022,11,4,MonMon,OWC,10,W,-150.9,NA,NA,13.17,NA,NA,NA,NA,64.05394,10
99,11/4/2022,2022,11,4,MonMon,OWC,10,W,-211.1,NA,NA,13.17,NA,NA,NA,NA,3.85394,10
100,11/4/2022,2022,11,4,MonMon,OWC,20,TR,299.7,NA,NA,13.17,NA,NA,NA,NA,514.65394,20
101,11/4/2022,2022,11,4,MonMon,OWC,20,TR,226.2,NA,NA,13.17,NA,NA,NA,NA,441.15394,20
102,11/4/2022,2022,11,4,MonMon,OWC,20,TR,205.4,NA,NA,13.17,NA,NA,NA,NA,420.35394,20
103,11/4/2022,2022,11,4,MonMon,OWC,20,UP,273.3,NA,NA,13.17,NA,NA,NA,NA,488.25394,20
104,11/4/2022,2022,11,4,MonMon,OWC,20,UP,396.4,NA,NA,13.17,NA,NA,NA,NA,611.35394,20
105,11/4/2022,2022,11,4,MonMon,OWC,20,UP,344.7,NA,NA,13.17,NA,NA,NA,NA,559.65394,20
106,11/4/2022,2022,11,4,MonMon,OWC,20,W,-75.4,NA,NA,13.17,NA,NA,NA,NA,139.55394,20
107,11/4/2022,2022,11,4,MonMon,OWC,20,W,-80.5,NA,NA,13.17,NA,NA,NA,NA,134.45394,20
108,11/4/2022,2022,11,4,MonMon,OWC,20,W,-100.1,NA,NA,13.17,NA,NA,NA,NA,114.85394,20
109,12/20/2022,2022,12,20,MonMon,OWC,5,UP,358.5,NA,NA,8.33,NA,NA,NA,NA,576.92906,5
110,12/20/2022,2022,12,20,MonMon,OWC,5,UP,364.6,NA,NA,8.33,NA,NA,NA,NA,583.02906,5
111,12/20/2022,2022,12,20,MonMon,OWC,5,UP,381.8,NA,NA,8.33,NA,NA,NA,NA,600.22906,5
112,12/20/2022,2022,12,20,MonMon,OWC,5,TR,310.3,NA,NA,8.33,NA,NA,NA,NA,528.72906,5
113,12/20/2022,2022,12,20,MonMon,OWC,5,TR,295.7,NA,NA,8.33,NA,NA,NA,NA,514.12906,5
114,12/20/2022,2022,12,20,MonMon,OWC,5,TR,327.7,NA,NA,8.33,NA,NA,NA,NA,546.12906,5
115,12/20/2022,2022,12,20,MonMon,OWC,10,UP,368.8,NA,NA,8.33,NA,NA,NA,NA,587.22906,10
116,12/20/2022,2022,12,20,MonMon,OWC,10,UP,369.3,NA,NA,8.33,NA,NA,NA,NA,587.72906,10
117,12/20/2022,2022,12,20,MonMon,OWC,10,UP,402.7,NA,NA,8.33,NA,NA,NA,NA,621.12906,10
118,12/20/2022,2022,12,20,MonMon,OWC,10,TR,232.3,NA,NA,8.33,NA,NA,NA,NA,450.72906,10
119,12/20/2022,2022,12,20,MonMon,OWC,10,TR,321.2,NA,NA,8.33,NA,NA,NA,NA,539.62906,10
120,12/20/2022,2022,12,20,MonMon,OWC,10,TR,263.5,NA,NA,8.33,NA,NA,NA,NA,481.92906,10
121,12/20/2022,2022,12,20,MonMon,OWC,20,UP,365.2,NA,NA,8.33,NA,NA,NA,NA,583.62906,20
122,12/20/2022,2022,12,20,MonMon,OWC,20,UP,414.6,NA,NA,8.33,NA,NA,NA,NA,633.02906,20
123,12/20/2022,2022,12,20,MonMon,OWC,20,UP,405.1,NA,NA,8.33,NA,NA,NA,NA,623.52906,20
124,12/20/2022,2022,12,20,MonMon,OWC,20,TR,332.3,NA,NA,8.33,NA,NA,NA,NA,550.72906,20
125,12/20/2022,2022,12,20,MonMon,OWC,20,TR,335.1,NA,NA,8.33,NA,NA,NA,NA,553.52906,20
126,12/20/2022,2022,12,20,MonMon,OWC,20,TR,300.6,NA,NA,8.33,NA,NA,NA,NA,519.02906,20
127,12/20/2022,2022,12,20,MonMon,OWC,20,TR,291.6,NA,NA,8.33,NA,NA,NA,NA,510.02906,20
128,12/20/2022,2022,12,20,MonMon,OWC,20,TR,348,NA,NA,8.33,NA,NA,NA,NA,566.42906,20
129,12/20/2022,2022,12,20,MonMon,OWC,20,TR,347.5,NA,NA,8.33,NA,NA,NA,NA,565.92906,20
130,1/5/2023,2023,1,5,MonMon,OWC,5,W,-109.2,NA,3.5,4.8,NA,NA,NA,NA,111.7636,5
131,1/5/2023,2023,1,5,MonMon,OWC,5,W,-111,NA,4.1,4.8,NA,NA,NA,NA,109.9636,5
132,1/5/2023,2023,1,5,MonMon,OWC,5,W,-119.1,NA,5.6,4.8,NA,NA,NA,NA,101.8636,5
133,1/5/2023,2023,1,5,MonMon,OWC,5,W,-105.2,NA,5,4.8,NA,NA,NA,NA,115.7636,5
134,1/5/2023,2023,1,5,MonMon,OWC,5,W,-95.2,NA,4.7,4.8,NA,NA,NA,NA,125.7636,5
135,1/5/2023,2023,1,5,MonMon,OWC,5,W,-98.2,NA,5.4,4.8,NA,NA,NA,NA,122.7636,5
136,1/5/2023,2023,1,5,MonMon,OWC,5,TR,331.3,NA,5,4.8,NA,NA,NA,NA,552.2636,5
137,1/5/2023,2023,1,5,MonMon,OWC,5,TR,344.6,NA,5.1,4.8,NA,NA,NA,NA,565.5636,5
138,1/5/2023,2023,1,5,MonMon,OWC,5,TR,336.6,NA,4.8,4.8,NA,NA,NA,NA,557.5636,5
139,1/5/2023,2023,1,5,MonMon,OWC,5,TR,301.5,NA,NA,4.8,NA,NA,NA,NA,522.4636,5
140,1/5/2023,2023,1,5,MonMon,OWC,5,TR,349.7,NA,NA,4.8,NA,NA,NA,NA,570.6636,5
141,1/5/2023,2023,1,5,MonMon,OWC,5,TR,311.9,NA,NA,4.8,NA,NA,NA,NA,532.8636,5
142,1/5/2023,2023,1,5,MonMon,OWC,5,UP,301.2,NA,NA,4.8,NA,NA,NA,NA,522.1636,5
143,1/5/2023,2023,1,5,MonMon,OWC,5,UP,304.2,NA,NA,4.8,NA,NA,NA,NA,525.1636,5
144,1/5/2023,2023,1,5,MonMon,OWC,5,UP,342.7,NA,NA,4.8,NA,NA,NA,NA,563.6636,5
145,1/5/2023,2023,1,5,MonMon,OWC,5,UP,337.7,NA,NA,4.8,NA,NA,NA,NA,558.6636,5
146,1/5/2023,2023,1,5,MonMon,OWC,5,UP,273.8,NA,NA,4.8,NA,NA,NA,NA,494.7636,5
147,1/5/2023,2023,1,5,MonMon,OWC,5,UP,328.3,NA,NA,4.8,NA,NA,NA,NA,549.2636,5
148,1/5/2023,2023,1,5,MonMon,OWC,10,W,-123.2,NA,NA,4.8,NA,NA,NA,NA,97.7636,10
149,1/5/2023,2023,1,5,MonMon,OWC,10,W,-94.3,NA,NA,4.8,NA,NA,NA,NA,126.6636,10
150,1/5/2023,2023,1,5,MonMon,OWC,10,W,-122,NA,NA,4.8,NA,NA,NA,NA,98.9636,10
151,1/5/2023,2023,1,5,MonMon,OWC,10,W,-118.5,NA,NA,4.8,NA,NA,NA,NA,102.4636,10
152,1/5/2023,2023,1,5,MonMon,OWC,10,W,-121.4,NA,NA,4.8,NA,NA,NA,NA,99.5636,10
153,1/5/2023,2023,1,5,MonMon,OWC,10,W,-107.7,NA,NA,4.8,E,NA,NA,NA,113.2636,10
154,1/5/2023,2023,1,5,MonMon,OWC,10,TR,329.6,NA,NA,4.8,NA,NA,NA,NA,550.5636,10
155,1/5/2023,2023,1,5,MonMon,OWC,10,TR,305.2,NA,NA,4.8,NA,NA,NA,NA,526.1636,10
156,1/5/2023,2023,1,5,MonMon,OWC,10,TR,348.4,NA,NA,4.8,NA,NA,NA,NA,569.3636,10
157,1/5/2023,2023,1,5,MonMon,OWC,10,TR,345.2,NA,NA,4.8,NA,NA,NA,NA,566.1636,10
158,1/5/2023,2023,1,5,MonMon,OWC,10,TR,343.7,NA,NA,4.8,NA,NA,NA,NA,564.6636,10
159,1/5/2023,2023,1,5,MonMon,OWC,10,TR,331.3,NA,NA,4.8,NA,NA,NA,NA,552.2636,10
160,1/5/2023,2023,1,5,MonMon,OWC,10,UP,386.3,NA,NA,4.8,NA,NA,NA,NA,607.2636,10
161,1/5/2023,2023,1,5,MonMon,OWC,10,UP,367.8,NA,NA,4.8,NA,NA,NA,NA,588.7636,10
162,1/5/2023,2023,1,5,MonMon,OWC,10,UP,342.6,NA,NA,4.8,NA,NA,NA,NA,563.5636,10
163,1/5/2023,2023,1,5,MonMon,OWC,10,UP,342.6,NA,NA,4.8,NA,NA,NA,NA,563.5636,10
164,1/5/2023,2023,1,5,MonMon,OWC,10,UP,367.1,NA,NA,4.8,NA,NA,NA,NA,588.0636,10
165,1/5/2023,2023,1,5,MonMon,OWC,10,UP,362.4,NA,NA,4.8,NA,NA,NA,NA,583.3636,10
166,1/5/2023,2023,1,5,MonMon,OWC,20,W,-134.9,NA,NA,4.8,NA,NA,NA,NA,86.0636,20
167,1/5/2023,2023,1,5,MonMon,OWC,20,W,-121.5,NA,NA,4.8,NA,NA,NA,NA,99.4636,20
168,1/5/2023,2023,1,5,MonMon,OWC,20,W,-135.5,NA,NA,4.8,NA,NA,NA,NA,85.4636,20
169,1/5/2023,2023,1,5,MonMon,OWC,20,W,-122.1,NA,NA,4.8,NA,NA,NA,NA,98.8636,20
170,1/5/2023,2023,1,5,MonMon,OWC,20,W,-104.3,NA,NA,4.8,NA,NA,NA,NA,116.6636,20
171,1/5/2023,2023,1,5,MonMon,OWC,20,W,-126.3,NA,NA,4.8,NA,NA,NA,NA,94.6636,20
172,1/5/2023,2023,1,5,MonMon,OWC,20,TR,345.4,NA,NA,4.8,NA,NA,NA,NA,566.3636,20
173,1/5/2023,2023,1,5,MonMon,OWC,20,TR,333.8,NA,NA,4.8,NA,NA,NA,NA,554.7636,20
174,1/5/2023,2023,1,5,MonMon,OWC,20,TR,348.8,NA,NA,4.8,NA,NA,NA,NA,569.7636,20
175,1/5/2023,2023,1,5,MonMon,OWC,20,TR,344.1,NA,NA,4.8,NA,NA,NA,NA,565.0636,20
176,1/5/2023,2023,1,5,MonMon,OWC,20,TR,349.5,NA,NA,4.8,NA,NA,NA,NA,570.4636,20
177,1/5/2023,2023,1,5,MonMon,OWC,20,TR,328.6,NA,NA,4.8,NA,NA,NA,NA,549.5636,20
178,1/5/2023,2023,1,5,MonMon,OWC,20,UP,404,NA,NA,4.8,NA,NA,NA,NA,624.9636,20
179,1/5/2023,2023,1,5,MonMon,OWC,20,UP,402.5,NA,NA,4.8,NA,NA,NA,NA,623.4636,20
180,1/5/2023,2023,1,5,MonMon,OWC,20,UP,405.7,NA,NA,4.8,NA,NA,NA,NA,626.6636,20
181,1/5/2023,2023,1,5,MonMon,OWC,20,UP,418.3,NA,NA,4.8,NA,NA,NA,NA,639.2636,20
182,1/5/2023,2023,1,5,MonMon,OWC,20,UP,431.2,NA,NA,4.8,NA,NA,NA,NA,652.1636,20
183,1/5/2023,2023,1,5,MonMon,OWC,20,UP,403.7,NA,NA,4.8,NA,NA,NA,NA,624.6636,20
184,1/5/2023,2023,1,12,MonMon,PTR,5,TR,370.8,11:07:00,3.1,4.04,NA,NA,NA,NA,592.30928,5
185,1/12/2023,2023,1,20,MonMon,CRC,5,W,149.1,10:36:00,3.8,4,NA,NA,NA,NA,370.638,5
186,1/12/2023,2023,1,20,MonMon,CRC,5,W,138.1,10:39:00,3.6,4,NA,NA,NA,NA,359.638,5
187,1/12/2023,2023,1,20,MonMon,CRC,5,W,187.5,10:42:00,4.3,4,NA,NA,NA,NA,409.038,5
188,1/12/2023,2023,1,20,MonMon,CRC,5,W,122.2,10:50:00,3.9,4,NA,NA,NA,NA,343.738,5
189,1/12/2023,2023,1,20,MonMon,CRC,5,W,258.3,10:52:00,4,4,NA,NA,NA,NA,479.838,5
190,1/12/2023,2023,1,20,MonMon,CRC,5,W,186,10:57:00,4.6,4,NA,NA,NA,NA,407.538,5
191,1/12/2023,2023,1,20,MonMon,CRC,5,TR,348.8,11:37:00,5,4,NA,NA,NA,NA,570.338,5
192,1/12/2023,2023,1,20,MonMon,CRC,5,TR,310.2,11:38:00,4.9,4,NA,NA,NA,NA,531.738,5
193,1/12/2023,2023,1,20,MonMon,CRC,5,TR,344.2,11:39:00,5.4,4,NA,NA,NA,NA,565.738,5
194,1/12/2023,2023,1,20,MonMon,CRC,5,TR,238.6,11:52:00,3.8,4,NA,NA,NA,NA,460.138,5
195,1/12/2023,2023,1,20,MonMon,CRC,5,TR,330.1,11:55:00,4.4,4,NA,NA,NA,NA,551.638,5
196,1/12/2023,2023,1,20,MonMon,CRC,5,TR,356.8,11:57:00,4.4,4,NA,NA,NA,NA,578.338,5
197,1/12/2023,2023,1,20,MonMon,CRC,5,UP,340.2,13:57:00,4,4,NA,NA,NA,NA,561.738,5
198,1/12/2023,2023,1,20,MonMon,CRC,5,UP,347.1,13:59:00,3.7,4,NA,NA,NA,NA,568.638,5
199,1/12/2023,2023,1,20,MonMon,CRC,5,UP,281.3,14:00:00,3.8,4,NA,NA,NA,NA,502.838,5
200,1/12/2023,2023,1,20,MonMon,CRC,5,UP,347.5,14:01:00,3.7,4,NA,NA,NA,NA,569.038,5
201,1/12/2023,2023,1,20,MonMon,CRC,5,UP,339.3,14:04:00,3.3,4,NA,NA,NA,NA,560.838,5
202,1/12/2023,2023,1,20,MonMon,CRC,5,UP,340,14:05:00,3.5,4,NA,NA,NA,NA,561.538,5
203,1/12/2023,2023,1,20,MonMon,CRC,10,W,140.9,10:58:00,3.6,4,NA,NA,NA,NA,362.438,10
204,1/12/2023,2023,1,20,MonMon,CRC,10,W,138.5,10:59:00,NA,4,NA,NA,NA,NA,360.038,10
205,1/12/2023,2023,1,20,MonMon,CRC,10,W,212.9,11:00:00,NA,4,NA,NA,NA,NA,434.438,10
206,1/12/2023,2023,1,20,MonMon,CRC,10,W,152.6,11:01:00,NA,4,NA,NA,NA,NA,374.138,10
207,1/12/2023,2023,1,20,MonMon,CRC,10,W,267.5,11:02:00,NA,4,NA,NA,NA,NA,489.038,10
208,1/12/2023,2023,1,20,MonMon,CRC,10,W,247.1,11:03:00,NA,4,NA,NA,NA,NA,468.638,10
209,1/12/2023,2023,1,20,MonMon,CRC,10,TR,267.5,11:59:00,NA,4,NA,NA,NA,NA,489.038,10
210,1/12/2023,2023,1,20,MonMon,CRC,10,TR,271.4,12:00:00,NA,4,NA,NA,NA,NA,492.938,10
211,1/12/2023,2023,1,20,MonMon,CRC,10,TR,306,12:02:00,NA,4,NA,NA,NA,NA,527.538,10
212,1/12/2023,2023,1,20,MonMon,CRC,10,TR,215.8,12:03:00,NA,4,NA,NA,NA,NA,437.338,10
213,1/12/2023,2023,1,20,MonMon,CRC,10,TR,307.6,12:04:00,NA,4,NA,NA,NA,NA,529.138,10
214,1/12/2023,2023,1,20,MonMon,CRC,10,TR,312.6,12:06:00,NA,4,NA,NA,NA,NA,534.138,10
215,1/12/2023,2023,1,20,MonMon,CRC,10,UP,372,14:07:00,NA,4,NA,NA,NA,NA,593.538,10
216,1/12/2023,2023,1,20,MonMon,CRC,10,UP,386.7,14:08:00,NA,4,NA,NA,NA,NA,608.238,10
217,1/12/2023,2023,1,20,MonMon,CRC,10,UP,301.3,14:10:00,NA,4,NA,NA,NA,NA,522.838,10
218,1/12/2023,2023,1,20,MonMon,CRC,10,UP,332,14:11:00,NA,4,NA,NA,NA,NA,553.538,10
219,1/12/2023,2023,1,20,MonMon,CRC,10,UP,371,14:12:00,NA,4,NA,NA,NA,NA,592.538,10
220,1/12/2023,2023,1,20,MonMon,CRC,10,UP,348.1,14:14:00,NA,4,NA,NA,NA,NA,569.638,10
221,1/12/2023,2023,1,20,MonMon,CRC,20,W,188.7,11:05:00,NA,4,NA,NA,NA,NA,410.238,20
222,1/12/2023,2023,1,20,MonMon,CRC,20,W,207.2,11:09:00,NA,4,NA,NA,NA,NA,428.738,20
223,1/12/2023,2023,1,20,MonMon,CRC,20,W,200.4,11:10:00,NA,4,NA,NA,NA,NA,421.938,20
224,1/12/2023,2023,1,20,MonMon,CRC,20,W,115.9,11:11:00,NA,4,NA,NA,NA,NA,337.438,20
225,1/12/2023,2023,1,20,MonMon,CRC,20,W,268.8,11:22:00,NA,4,NA,NA,NA,NA,490.338,20
226,1/12/2023,2023,1,20,MonMon,CRC,20,W,229.9,11:23:00,NA,4,NA,NA,NA,NA,451.438,20
227,1/12/2023,2023,1,20,MonMon,CRC,20,TR,317.6,12:07:00,NA,4,NA,NA,NA,NA,539.138,20
228,1/12/2023,2023,1,20,MonMon,CRC,20,TR,317.4,12:08:00,NA,4,NA,NA,NA,NA,538.938,20
229,1/12/2023,2023,1,20,MonMon,CRC,20,TR,314.4,12:09:00,NA,4,NA,NA,NA,NA,535.938,20
230,1/12/2023,2023,1,20,MonMon,CRC,20,TR,229,12:16:00,NA,4,NA,NA,NA,NA,450.538,20
231,1/12/2023,2023,1,20,MonMon,CRC,20,TR,296,12:17:00,NA,4,NA,NA,NA,NA,517.538,20
232,1/12/2023,2023,1,20,MonMon,CRC,20,TR,295.7,12:18:00,NA,4,NA,NA,NA,NA,517.238,20
233,1/12/2023,2023,1,20,MonMon,CRC,20,UP,368.9,14:15:00,NA,4,NA,NA,NA,NA,590.438,20
234,1/12/2023,2023,1,20,MonMon,CRC,20,UP,381.9,14:16:00,NA,4,NA,NA,NA,NA,603.438,20
235,1/12/2023,2023,1,20,MonMon,CRC,20,UP,327.8,14:17:00,NA,4,NA,NA,NA,NA,549.338,20
236,1/12/2023,2023,1,20,MonMon,CRC,20,UP,374.1,14:18:00,NA,4,NA,NA,NA,NA,595.638,20
237,1/12/2023,2023,1,20,MonMon,CRC,20,UP,367.9,14:20:00,NA,4,NA,NA,NA,NA,589.438,20
238,1/12/2023,2023,1,20,MonMon,CRC,20,UP,384.9,14:21:00,NA,4,NA,NA,NA,NA,606.438,20
239,1/12/2023,2023,1,12,MonMon,PTR,5,W,184.7,14:48:00,5.6,5.8,NA,NA,NA,NA,404.9456,5
240,1/12/2023,2023,1,12,MonMon,PTR,5,W,180.5,14:57:00,5.9,5.8,NA,NA,NA,NA,400.7456,5
241,1/12/2023,2023,1,12,MonMon,PTR,5,W,150.9,15:07:00,NA,5.8,NA,NA,NA,NA,371.1456,5
242,1/12/2023,2023,1,12,MonMon,PTR,5,TR,210.3,11:14:00,NA,5.8,NA,NA,NA,NA,430.5456,5
243,1/12/2023,2023,1,12,MonMon,PTR,5,TR,284.4,11:18:00,NA,5.8,NA,NA,NA,NA,504.6456,5
244,1/12/2023,2023,1,12,MonMon,PTR,5,TR,265.6,11:27:00,NA,5.8,NA,NA,NA,NA,485.8456,5
245,1/12/2023,2023,1,12,MonMon,PTR,5,TR,181.3,11:52:00,NA,5.8,NA,NA,NA,NA,401.5456,5
246,1/12/2023,2023,1,12,MonMon,PTR,5,TR,164.1,10:01:00,NA,5.8,NA,NA,NA,NA,384.3456,5
247,1/12/2023,2023,1,12,MonMon,PTR,5,UP,311.4,10:20:00,NA,5.8,NA,NA,NA,NA,531.6456,5
248,1/12/2023,2023,1,12,MonMon,PTR,5,UP,316.9,10:22:00,NA,5.8,NA,NA,NA,NA,537.1456,5
249,1/12/2023,2023,1,12,MonMon,PTR,5,UP,336.3,10:23:00,NA,5.8,NA,NA,NA,NA,556.5456,5
250,1/12/2023,2023,1,12,MonMon,PTR,5,UP,326.4,10:24:00,NA,5.8,NA,NA,NA,NA,546.6456,5
251,1/12/2023,2023,1,12,MonMon,PTR,5,UP,254,10:25:00,NA,5.8,NA,NA,NA,NA,474.2456,5
252,1/12/2023,2023,1,12,MonMon,PTR,5,UP,331.9,10:29:00,NA,5.8,NA,NA,NA,NA,552.1456,5
253,1/12/2023,2023,1,12,MonMon,PTR,10,W,231.7,15:17:00,NA,5.8,NA,NA,NA,NA,451.9456,10
254,1/12/2023,2023,1,12,MonMon,PTR,10,W,251.5,15:24:00,NA,5.8,NA,NA,NA,NA,471.7456,10
255,1/12/2023,2023,1,12,MonMon,PTR,10,W,220.6,15:33:00,NA,5.8,NA,NA,NA,NA,440.8456,10
256,1/12/2023,2023,1,12,MonMon,PTR,10,TR,206.7,12:18:00,NA,5.8,NA,NA,NA,NA,426.9456,10
257,1/12/2023,2023,1,12,MonMon,PTR,10,TR,173,14:48:00,NA,5.8,NA,NA,NA,NA,393.2456,10
258,1/12/2023,2023,1,12,MonMon,PTR,10,TR,148.4,12:56:00,NA,5.8,NA,NA,NA,NA,368.6456,10
259,1/12/2023,2023,1,12,MonMon,PTR,10,TR,142.5,13:08:00,NA,5.8,NA,NA,NA,NA,362.7456,10
260,1/12/2023,2023,1,12,MonMon,PTR,10,TR,141.6,13:18:00,NA,5.8,NA,NA,NA,NA,361.8456,10
261,1/12/2023,2023,1,12,MonMon,PTR,10,TR,134.6,13:33:00,NA,5.8,NA,NA,NA,NA,354.8456,10
262,1/12/2023,2023,1,12,MonMon,PTR,10,UP,366.6,10:35:00,NA,5.8,NA,NA,NA,NA,586.8456,10
263,1/12/2023,2023,1,12,MonMon,PTR,10,UP,332.3,10:36:00,NA,5.8,NA,NA,NA,NA,552.5456,10
264,1/12/2023,2023,1,12,MonMon,PTR,10,UP,375.9,10:37:00,NA,5.8,NA,NA,NA,NA,596.1456,10
265,1/12/2023,2023,1,12,MonMon,PTR,10,UP,346.1,10:39:00,NA,5.8,NA,NA,NA,NA,566.3456,10
266,1/12/2023,2023,1,12,MonMon,PTR,10,UP,315.4,10:41:00,NA,5.8,NA,NA,NA,NA,535.6456,10
267,1/12/2023,2023,1,12,MonMon,PTR,10,UP,343.1,10:42:00,NA,5.8,NA,NA,NA,NA,563.3456,10
268,1/12/2023,2023,1,12,MonMon,PTR,20,W,111.6,15:51:00,NA,5.8,NA,NA,NA,NA,331.8456,20
269,1/12/2023,2023,1,12,MonMon,PTR,20,W,77.5,16:06:00,NA,5.8,NA,NA,NA,NA,297.7456,20
270,1/12/2023,2023,1,12,MonMon,PTR,20,W,79.3,16:12:00,NA,5.8,NA,NA,NA,NA,299.5456,20
271,1/12/2023,2023,1,12,MonMon,PTR,20,TR,217.9,13:49:00,NA,5.8,NA,NA,NA,NA,438.1456,20
272,1/12/2023,2023,1,12,MonMon,PTR,20,TR,249.4,14:00:00,NA,5.8,NA,NA,NA,NA,469.6456,20
273,1/12/2023,2023,1,12,MonMon,PTR,20,TR,179.5,14:17:00,NA,5.8,NA,NA,NA,NA,399.7456,20
274,1/12/2023,2023,1,12,MonMon,PTR,20,TR,270.8,14:36:00,NA,5.8,NA,NA,NA,NA,491.0456,20
275,1/12/2023,2023,1,12,MonMon,PTR,20,UP,429.9,10:44:00,NA,5.8,NA,NA,NA,NA,650.1456,20
276,1/12/2023,2023,1,12,MonMon,PTR,20,UP,382.2,10:45:00,NA,5.8,NA,NA,NA,NA,602.4456,20
277,1/12/2023,2023,1,12,MonMon,PTR,20,UP,419.6,10:46:00,NA,5.8,NA,NA,NA,NA,639.8456,20
278,1/12/2023,2023,1,12,MonMon,PTR,20,UP,344.3,10:46:00,NA,5.8,NA,NA,NA,NA,564.5456,20
279,1/12/2023,2023,1,12,MonMon,PTR,20,UP,387.7,10:49:00,NA,5.8,NA,NA,NA,NA,607.9456,20
280,1/12/2023,2023,1,12,MonMon,PTR,20,UP,400.9,10:50:00,NA,5.8,NA,NA,NA,NA,621.1456,20
281,2/24/2023,2023,2,24,MonMon,PTR,5,W,194.5,11:48:00,7.1,4.722222222,NA,NA,NA,NA,415.5194444,5
282,2/24/2023,2023,2,24,MonMon,PTR,5,W,240.9,11:54:00,4.6,4.722222222,NA,NA,NA,NA,461.9194444,5
283,2/24/2023,2023,2,24,MonMon,PTR,5,W,280.1,11:55:00,5.1,4.722222222,NA,NA,NA,NA,501.1194444,5
284,2/24/2023,2023,2,24,MonMon,PTR,5,W,193.5,12:12:00,4,4.722222222,NA,NA,NA,NA,414.5194444,5
285,2/24/2023,2023,2,24,MonMon,PTR,5,W,261.9,12:13:00,4.3,4.722222222,NA,NA,NA,NA,482.9194444,5
286,2/24/2023,2023,2,24,MonMon,PTR,5,W,306,12:18:00,4.5,4.722222222,NA,NA,NA,NA,527.0194444,5
287,2/24/2023,2023,2,24,MonMon,PTR,5,TR,353.3,13:02:00,3.9,4.722222222,NA,NA,NA,NA,574.3194444,5
288,2/24/2023,2023,2,24,MonMon,PTR,5,TR,355.8,13:05:00,4.2,4.722222222,NA,NA,NA,NA,576.8194444,5
289,2/24/2023,2023,2,24,MonMon,PTR,5,TR,369.3,13:06:00,4.8,4.722222222,NA,NA,NA,NA,590.3194444,5
290,2/24/2023,2023,2,24,MonMon,PTR,5,TR,323.3,13:11:00,NA,4.722222222,NA,NA,NA,NA,544.3194444,5
291,2/24/2023,2023,2,24,MonMon,PTR,5,TR,360.4,13:15:00,NA,4.722222222,NA,NA,NA,NA,581.4194444,5
292,2/24/2023,2023,2,24,MonMon,PTR,5,TR,374.6,13:16:00,NA,4.722222222,NA,NA,NA,NA,595.6194444,5
293,2/24/2023,2023,2,24,MonMon,PTR,5,UP,333.5,14:08:00,NA,4.722222222,NA,NA,NA,NA,554.5194444,5
294,2/24/2023,2023,2,24,MonMon,PTR,5,UP,347.5,14:10:00,NA,4.722222222,NA,NA,NA,NA,568.5194444,5
295,2/24/2023,2023,2,24,MonMon,PTR,5,UP,363.1,14:15:00,NA,4.722222222,NA,NA,NA,NA,584.1194444,5
296,2/24/2023,2023,2,24,MonMon,PTR,5,UP,361.5,14:16:00,NA,4.722222222,NA,NA,NA,NA,582.5194444,5
297,2/24/2023,2023,2,24,MonMon,PTR,5,UP,369.1,14:20:00,NA,4.722222222,NA,NA,NA,NA,590.1194444,5
298,2/24/2023,2023,2,24,MonMon,PTR,5,UP,367.9,14:21:00,NA,4.722222222,NA,NA,NA,NA,588.9194444,5
299,2/24/2023,2023,2,24,MonMon,PTR,10,W,247.6,12:19:00,NA,4.722222222,NA,NA,NA,NA,468.6194444,10
300,2/24/2023,2023,2,24,MonMon,PTR,10,W,244.9,12:20:00,NA,4.722222222,NA,NA,NA,NA,465.9194444,10
301,2/24/2023,2023,2,24,MonMon,PTR,10,W,278.8,12:21:00,NA,4.722222222,NA,NA,NA,NA,499.8194444,10
302,2/24/2023,2023,2,24,MonMon,PTR,10,W,168,12:22:00,NA,4.722222222,NA,NA,NA,NA,389.0194444,10
303,2/24/2023,2023,2,24,MonMon,PTR,10,W,281.3,12:24:00,NA,4.722222222,NA,NA,NA,NA,502.3194444,10
304,2/24/2023,2023,2,24,MonMon,PTR,10,W,272.8,12:26:00,NA,4.722222222,NA,NA,NA,NA,493.8194444,10
305,2/24/2023,2023,2,24,MonMon,PTR,10,TR,361.4,13:18:00,NA,4.722222222,NA,NA,NA,NA,582.4194444,10
306,2/24/2023,2023,2,24,MonMon,PTR,10,TR,361.8,13:19:00,NA,4.722222222,NA,NA,NA,NA,582.8194444,10
307,2/24/2023,2023,2,24,MonMon,PTR,10,TR,389.4,13:21:00,NA,4.722222222,NA,NA,NA,NA,610.4194444,10
308,2/24/2023,2023,2,24,MonMon,PTR,10,TR,377.6,13:26:00,NA,4.722222222,NA,NA,NA,NA,598.6194444,10
309,2/24/2023,2023,2,24,MonMon,PTR,10,TR,328.4,13:34:00,NA,4.722222222,NA,NA,NA,NA,549.4194444,10
310,2/24/2023,2023,2,24,MonMon,PTR,10,TR,382.6,13:35:00,NA,4.722222222,NA,NA,NA,NA,603.6194444,10
311,2/24/2023,2023,2,24,MonMon,PTR,10,UP,326.1,14:23:00,NA,4.722222222,NA,NA,NA,NA,547.1194444,10
312,2/24/2023,2023,2,24,MonMon,PTR,10,UP,368.1,14:23:00,NA,4.722222222,NA,NA,NA,NA,589.1194444,10
313,2/24/2023,2023,2,24,MonMon,PTR,10,UP,389.2,14:24:00,NA,4.722222222,NA,NA,NA,NA,610.2194444,10
314,2/24/2023,2023,2,24,MonMon,PTR,10,UP,369.2,14:25:00,NA,4.722222222,NA,NA,NA,NA,590.2194444,10
315,2/24/2023,2023,2,24,MonMon,PTR,10,UP,392.4,14:26:00,NA,4.722222222,NA,NA,NA,NA,613.4194444,10
316,2/24/2023,2023,2,24,MonMon,PTR,10,UP,386.2,14:27:00,NA,4.722222222,NA,NA,NA,NA,607.2194444,10
317,2/24/2023,2023,2,24,MonMon,PTR,20,W,219.8,12:34:00,NA,4.722222222,NA,NA,NA,NA,440.8194444,20
318,2/24/2023,2023,2,24,MonMon,PTR,20,W,239.2,12:36:00,NA,4.722222222,NA,NA,NA,NA,460.2194444,20
319,2/24/2023,2023,2,24,MonMon,PTR,20,W,296.9,12:37:00,NA,4.722222222,NA,NA,NA,NA,517.9194444,20
320,2/24/2023,2023,2,24,MonMon,PTR,20,W,163.1,12:38:00,NA,4.722222222,NA,NA,NA,NA,384.1194444,20
321,2/24/2023,2023,2,24,MonMon,PTR,20,W,264.6,12:41:00,NA,4.722222222,NA,NA,NA,NA,485.6194444,20
322,2/24/2023,2023,2,24,MonMon,PTR,20,W,290.7,12:42:00,NA,4.722222222,NA,NA,NA,NA,511.7194444,20
323,2/24/2023,2023,2,24,MonMon,PTR,20,TR,424.3,13:36:00,NA,4.722222222,NA,NA,NA,NA,645.3194444,20
324,2/24/2023,2023,2,24,MonMon,PTR,20,TR,323.4,13:37:00,NA,4.722222222,NA,NA,NA,NA,544.4194444,20
325,2/24/2023,2023,2,24,MonMon,PTR,20,TR,405.3,13:38:00,NA,4.722222222,NA,NA,NA,NA,626.3194444,20
326,2/24/2023,2023,2,24,MonMon,PTR,20,TR,398.2,13:40:00,NA,4.722222222,NA,NA,NA,NA,619.2194444,20
327,2/24/2023,2023,2,24,MonMon,PTR,20,TR,384,13:44:00,NA,4.722222222,NA,NA,NA,NA,605.0194444,20
328,2/24/2023,2023,2,24,MonMon,PTR,20,TR,405,13:45:00,NA,4.722222222,NA,NA,NA,NA,626.0194444,20
329,2/24/2023,2023,2,24,MonMon,PTR,20,UP,382.3,14:29:00,NA,4.722222222,NA,NA,NA,NA,603.3194444,20
330,2/24/2023,2023,2,24,MonMon,PTR,20,UP,410.6,14:30:00,NA,4.722222222,NA,NA,NA,NA,631.6194444,20
331,2/24/2023,2023,2,24,MonMon,PTR,20,UP,410.2,14:31:00,NA,4.722222222,NA,NA,NA,NA,631.2194444,20
332,2/24/2023,2023,2,24,MonMon,PTR,20,UP,417.6,14:32:00,NA,4.722222222,NA,NA,NA,NA,638.6194444,20
333,2/24/2023,2023,2,24,MonMon,PTR,20,UP,426.9,14:33:00,NA,4.722222222,NA,NA,NA,NA,647.9194444,20
334,2/24/2023,2023,2,24,MonMon,PTR,20,UP,427.1,14:34:00,NA,4.722222222,NA,NA,NA,NA,648.1194444,20
335,2/10/2023,2023,2,10,MonMon,OWC,5,W,77.9,10:29:00,3.3,3.9,NA,NA,NA,NA,299.5098,5
336,2/10/2023,2023,2,10,MonMon,OWC,5,W,51.1,10:36:00,3,3.9,NA,NA,NA,NA,272.7098,5
337,2/10/2023,2023,2,10,MonMon,OWC,5,W,63.2,10:40:00,2.7,3.9,NA,NA,NA,NA,284.8098,5
338,2/10/2023,2023,2,10,MonMon,OWC,5,W,174.2,10:42:00,3.5,3.9,NA,NA,NA,NA,395.8098,5
339,2/10/2023,2023,2,10,MonMon,OWC,5,W,92.3,10:51:00,4,3.9,NA,NA,NA,NA,313.9098,5
340,2/10/2023,2023,2,10,MonMon,OWC,5,W,145,10:58:00,3.9,3.9,NA,NA,NA,NA,366.6098,5
341,2/10/2023,2023,2,10,MonMon,OWC,5,TR,232.2,11:53:00,4.1,3.9,NA,NA,NA,NA,453.8098,5
342,2/10/2023,2023,2,10,MonMon,OWC,5,TR,276.1,11:55:00,4.2,3.9,NA,NA,NA,NA,497.7098,5
343,2/10/2023,2023,2,10,MonMon,OWC,5,TR,281.1,11:58:00,3.9,3.9,NA,NA,NA,NA,502.7098,5
344,2/10/2023,2023,2,10,MonMon,OWC,5,TR,251.3,11:59:00,4.3,3.9,NA,NA,NA,NA,472.9098,5
345,2/10/2023,2023,2,10,MonMon,OWC,5,TR,244.4,12:02:00,4.9,3.9,NA,NA,NA,NA,466.0098,5
346,2/10/2023,2023,2,10,MonMon,OWC,5,TR,280.9,12:03:00,4.2,3.9,NA,NA,NA,NA,502.5098,5
347,2/10/2023,2023,2,10,MonMon,OWC,5,UP,291.2,12:35:00,NA,3.9,NA,NA,NA,NA,512.8098,5
348,2/10/2023,2023,2,10,MonMon,OWC,5,UP,316.2,12:36:00,NA,3.9,NA,NA,NA,NA,537.8098,5
349,2/10/2023,2023,2,10,MonMon,OWC,5,UP,339.5,12:38:00,NA,3.9,NA,NA,NA,NA,561.1098,5
350,2/10/2023,2023,2,10,MonMon,OWC,5,UP,327.3,12:39:00,NA,3.9,NA,NA,NA,NA,548.9098,5
351,2/10/2023,2023,2,10,MonMon,OWC,5,UP,283.5,12:40:00,NA,3.9,NA,NA,NA,NA,505.1098,5
352,2/10/2023,2023,2,10,MonMon,OWC,5,UP,305.5,12:45:00,NA,3.9,NA,NA,NA,NA,527.1098,5
353,2/10/2023,2023,2,10,MonMon,OWC,10,W,38,11:01:00,NA,3.9,NA,NA,NA,NA,259.6098,10
354,2/10/2023,2023,2,10,MonMon,OWC,10,W,-20.5,11:04:00,NA,3.9,NA,NA,NA,NA,201.1098,10
355,2/10/2023,2023,2,10,MonMon,OWC,10,W,-77.9,11:10:00,NA,3.9,NA,NA,NA,NA,143.7098,10
356,2/10/2023,2023,2,10,MonMon,OWC,10,W,-87.4,11:12:00,NA,3.9,NA,NA,NA,NA,134.2098,10
357,2/10/2023,2023,2,10,MonMon,OWC,10,W,-58.9,11:14:00,NA,3.9,NA,NA,NA,NA,162.7098,10
358,2/10/2023,2023,2,10,MonMon,OWC,10,W,-62.6,11:15:00,NA,3.9,NA,NA,NA,NA,159.0098,10
359,2/10/2023,2023,2,10,MonMon,OWC,10,TR,260.6,12:05:00,NA,3.9,NA,NA,NA,NA,482.2098,10
360,2/10/2023,2023,2,10,MonMon,OWC,10,TR,291.6,12:06:00,NA,3.9,NA,NA,NA,NA,513.2098,10
361,2/10/2023,2023,2,10,MonMon,OWC,10,TR,304.6,12:07:00,NA,3.9,NA,NA,NA,NA,526.2098,10
362,2/10/2023,2023,2,10,MonMon,OWC,10,TR,228.6,12:09:00,NA,3.9,NA,NA,NA,NA,450.2098,10
363,2/10/2023,2023,2,10,MonMon,OWC,10,TR,238.6,12:10:00,NA,3.9,NA,NA,NA,NA,460.2098,10
364,2/10/2023,2023,2,10,MonMon,OWC,10,TR,309.1,12:10:00,NA,3.9,NA,NA,NA,NA,530.7098,10
365,2/10/2023,2023,2,10,MonMon,OWC,10,UP,275.6,12:46:00,NA,3.9,NA,NA,NA,NA,497.2098,10
366,2/10/2023,2023,2,10,MonMon,OWC,10,UP,335.8,12:46:00,NA,3.9,NA,NA,NA,NA,557.4098,10
367,2/10/2023,2023,2,10,MonMon,OWC,10,UP,350.6,12:48:00,NA,3.9,NA,NA,NA,NA,572.2098,10
368,2/10/2023,2023,2,10,MonMon,OWC,10,UP,312.2,12:49:00,NA,3.9,NA,NA,NA,NA,533.8098,10
369,2/10/2023,2023,2,10,MonMon,OWC,10,UP,234.6,12:50:00,NA,3.9,NA,NA,NA,NA,456.2098,10
370,2/10/2023,2023,2,10,MonMon,OWC,10,UP,343.8,12:51:00,NA,3.9,NA,NA,NA,NA,565.4098,10
371,2/10/2023,2023,2,10,MonMon,OWC,20,W,-93.1,11:17:00,NA,3.9,NA,NA,NA,NA,128.5098,20
372,2/10/2023,2023,2,10,MonMon,OWC,20,W,-115.3,11:18:00,NA,3.9,NA,NA,NA,NA,106.3098,20
373,2/10/2023,2023,2,10,MonMon,OWC,20,W,-109.5,11:19:00,NA,3.9,NA,NA,NA,NA,112.1098,20
374,2/10/2023,2023,2,10,MonMon,OWC,20,W,-113.6,11:20:00,NA,3.9,NA,NA,NA,NA,108.0098,20
375,2/10/2023,2023,2,10,MonMon,OWC,20,W,-109.4,11:21:00,NA,3.9,NA,NA,NA,NA,112.2098,20
376,2/10/2023,2023,2,10,MonMon,OWC,20,W,-118.5,11:22:00,NA,3.9,NA,NA,NA,NA,103.1098,20
377,2/10/2023,2023,2,10,MonMon,OWC,20,TR,209,12:12:00,NA,3.9,NA,NA,NA,NA,430.6098,20
378,2/10/2023,2023,2,10,MonMon,OWC,20,TR,246.6,12:13:00,NA,3.9,NA,NA,NA,NA,468.2098,20
379,2/10/2023,2023,2,10,MonMon,OWC,20,TR,293.1,12:14:00,NA,3.9,NA,NA,NA,NA,514.7098,20
380,2/10/2023,2023,2,10,MonMon,OWC,20,TR,266.8,12:15:00,NA,3.9,NA,NA,NA,NA,488.4098,20
381,2/10/2023,2023,2,10,MonMon,OWC,20,TR,221.6,12:22:00,NA,3.9,NA,NA,NA,NA,443.2098,20
382,2/10/2023,2023,2,10,MonMon,OWC,20,TR,279.3,12:23:00,NA,3.9,NA,NA,NA,NA,500.9098,20
383,2/10/2023,2023,2,10,MonMon,OWC,20,UP,391.3,12:52:00,NA,3.9,NA,NA,NA,NA,612.9098,20
384,2/10/2023,2023,2,10,MonMon,OWC,20,UP,266.2,12:55:00,NA,3.9,NA,NA,NA,NA,487.8098,20
385,2/10/2023,2023,2,10,MonMon,OWC,20,UP,375.8,12:56:00,NA,3.9,NA,NA,NA,NA,597.4098,20
386,2/10/2023,2023,2,10,MonMon,OWC,20,UP,354.2,12:57:00,NA,3.9,NA,NA,NA,NA,575.8098,20
387,2/10/2023,2023,2,10,MonMon,OWC,20,UP,308.3,12:58:00,NA,3.9,NA,NA,NA,NA,529.9098,20
388,2/10/2023,2023,2,10,MonMon,OWC,20,UP,371.1,12:59:00,NA,3.9,NA,NA,NA,NA,592.7098,20
389,2/21/2023,2023,2,21,MonMon,CRC,5,W,123.7,13:03:00,5.6,4.5,NA,NA,NA,NA,344.879,5
390,2/21/2023,2023,2,21,MonMon,CRC,5,W,92.3,13:04:00,4.4,4.5,NA,NA,NA,NA,313.479,5
391,2/21/2023,2023,2,21,MonMon,CRC,5,W,169.3,13:05:00,7,4.5,NA,NA,NA,NA,390.479,5
392,2/21/2023,2023,2,21,MonMon,CRC,5,W,131.8,13:06:00,3.5,4.5,NA,NA,NA,NA,352.979,5
393,2/21/2023,2023,2,21,MonMon,CRC,5,W,118.7,13:07:00,5.3,4.5,NA,NA,NA,NA,339.879,5
394,2/21/2023,2023,2,21,MonMon,CRC,5,W,106.8,13:09:00,3.4,4.5,NA,NA,NA,NA,327.979,5
395,2/21/2023,2023,2,21,MonMon,CRC,5,TR,274.5,14:50:00,2.7,4.5,NA,NA,NA,NA,495.679,5
396,2/21/2023,2023,2,21,MonMon,CRC,5,TR,272.2,14:52:00,NA,4.5,NA,NA,NA,NA,493.379,5
397,2/21/2023,2023,2,21,MonMon,CRC,5,TR,166.9,15:04:00,3.1,4.5,NA,NA,NA,NA,388.079,5
398,2/21/2023,2023,2,21,MonMon,CRC,5,TR,134.4,15:06:00,5.8,4.5,NA,NA,NA,NA,355.579,5
399,2/21/2023,2023,2,21,MonMon,CRC,5,TR,235.4,15:10:00,4.2,4.5,NA,NA,NA,NA,456.579,5
400,2/21/2023,2023,2,21,MonMon,CRC,5,TR,193.3,15:11:00,4.7,4.5,NA,NA,NA,NA,414.479,5
401,2/21/2023,2023,2,21,MonMon,CRC,5,UP,316.3,9:58:00,4.4,4.5,NA,NA,NA,NA,537.479,5
402,2/21/2023,2023,2,21,MonMon,CRC,5,UP,318.6,10:00:00,4.7,4.5,NA,NA,NA,NA,539.779,5
403,2/21/2023,2023,2,21,MonMon,CRC,5,UP,339,10:03:00,4.3,4.5,NA,NA,NA,NA,560.179,5
404,2/21/2023,2023,2,21,MonMon,CRC,5,UP,286.5,10:14:00,NA,4.5,NA,NA,NA,NA,507.679,5
405,2/21/2023,2023,2,21,MonMon,CRC,5,UP,339.1,10:16:00,4.6,4.5,NA,NA,NA,NA,560.279,5
406,2/21/2023,2023,2,21,MonMon,CRC,5,UP,274.2,10:19:00,4.9,4.5,NA,NA,NA,NA,495.379,5
407,2/21/2023,2023,2,21,MonMon,CRC,10,W,232.7,13:24:00,NA,4.5,NA,NA,NA,NA,453.879,10
408,2/21/2023,2023,2,21,MonMon,CRC,10,W,209.2,13:25:00,NA,4.5,NA,NA,NA,NA,430.379,10
409,2/21/2023,2023,2,21,MonMon,CRC,10,W,214.1,13:26:00,NA,4.5,NA,NA,NA,NA,435.279,10
410,2/21/2023,2023,2,21,MonMon,CRC,10,W,120.1,13:27:00,NA,4.5,NA,NA,NA,NA,341.279,10
411,2/21/2023,2023,2,21,MonMon,CRC,10,W,190.1,13:28:00,NA,4.5,NA,NA,NA,NA,411.279,10
412,2/21/2023,2023,2,21,MonMon,CRC,10,W,227.3,13:29:00,NA,4.5,NA,NA,NA,NA,448.479,10
413,2/21/2023,2023,2,21,MonMon,CRC,10,TR,141.4,15:15:00,NA,4.5,NA,NA,NA,NA,362.579,10
414,2/21/2023,2023,2,21,MonMon,CRC,10,TR,168.3,15:16:00,NA,4.5,NA,NA,NA,NA,389.479,10
415,2/21/2023,2023,2,21,MonMon,CRC,10,TR,148.4,15:19:00,NA,4.5,NA,NA,NA,NA,369.579,10
416,2/21/2023,2023,2,21,MonMon,CRC,10,TR,264.3,15:25:00,NA,4.5,NA,NA,NA,NA,485.479,10
417,2/21/2023,2023,2,21,MonMon,CRC,10,TR,212.3,15:29:00,NA,4.5,NA,NA,NA,NA,433.479,10
418,2/21/2023,2023,2,21,MonMon,CRC,10,TR,225,15:21:00,NA,4.5,NA,NA,NA,NA,446.179,10
419,2/21/2023,2023,2,21,MonMon,CRC,10,UP,284.2,10:27:00,NA,4.5,NA,NA,NA,NA,505.379,10
420,2/21/2023,2023,2,21,MonMon,CRC,10,UP,343.1,10:30:00,NA,4.5,NA,NA,NA,NA,564.279,10
421,2/21/2023,2023,2,21,MonMon,CRC,10,UP,306.8,10:32:00,NA,4.5,NA,NA,NA,NA,527.979,10
422,2/21/2023,2023,2,21,MonMon,CRC,10,UP,337.8,10:35:00,NA,4.5,NA,NA,NA,NA,558.979,10
423,2/21/2023,2023,2,21,MonMon,CRC,10,UP,331.5,10:37:00,NA,4.5,NA,NA,NA,NA,552.679,10
424,2/21/2023,2023,2,21,MonMon,CRC,10,UP,327,10:41:00,NA,4.5,NA,NA,NA,NA,548.179,10
425,2/21/2023,2023,2,21,MonMon,CRC,20,W,244.7,13:39:00,NA,4.5,NA,NA,NA,NA,465.879,20
426,2/21/2023,2023,2,21,MonMon,CRC,20,W,262.8,13:41:00,NA,4.5,NA,NA,NA,NA,483.979,20
427,2/21/2023,2023,2,21,MonMon,CRC,20,W,254.1,13:43:00,NA,4.5,NA,NA,NA,NA,475.279,20
428,2/21/2023,2023,2,21,MonMon,CRC,20,W,244.4,13:44:00,NA,4.5,NA,NA,NA,NA,465.579,20
429,2/21/2023,2023,2,21,MonMon,CRC,20,W,217.8,13:46:00,NA,4.5,NA,NA,NA,NA,438.979,20
430,2/21/2023,2023,2,21,MonMon,CRC,20,W,258.1,13:47:00,NA,4.5,NA,NA,NA,NA,479.279,20
431,2/21/2023,2023,2,21,MonMon,CRC,20,TR,215.5,15:40:00,NA,4.5,NA,NA,NA,NA,436.679,20
432,2/21/2023,2023,2,21,MonMon,CRC,20,TR,244.2,15:00:00,NA,4.5,NA,NA,NA,NA,465.379,20
433,2/21/2023,2023,2,21,MonMon,CRC,20,TR,157.3,15:47:00,NA,4.5,NA,NA,NA,NA,378.479,20
434,2/21/2023,2023,2,21,MonMon,CRC,20,TR,169.2,15:48:00,NA,4.5,NA,NA,NA,NA,390.379,20
435,2/21/2023,2023,2,21,MonMon,CRC,20,TR,161,15:49:00,NA,4.5,NA,NA,NA,NA,382.179,20
436,2/21/2023,2023,2,21,MonMon,CRC,20,TR,215.8,15:50:00,NA,4.5,NA,NA,NA,NA,436.979,20
437,2/21/2023,2023,2,21,MonMon,CRC,20,UP,322.1,10:46:00,NA,4.5,NA,NA,NA,NA,543.279,20
438,2/21/2023,2023,2,21,MonMon,CRC,20,UP,372.6,10:50:00,NA,4.5,NA,NA,NA,NA,593.779,20
439,2/21/2023,2023,2,21,MonMon,CRC,20,UP,380.3,10:52:00,NA,4.5,NA,NA,NA,NA,601.479,20
440,2/21/2023,2023,2,21,MonMon,CRC,20,UP,367.6,10:54:00,NA,4.5,NA,NA,NA,NA,588.779,20
441,2/21/2023,2023,2,21,MonMon,CRC,20,UP,364.4,10:56:00,NA,4.5,NA,NA,NA,NA,585.579,20
442,2/21/2023,2023,2,21,MonMon,CRC,20,UP,356.4,10:58:00,NA,4.5,NA,NA,NA,NA,577.579,20
443,2/24/2023,2023,2,24,MonMon,PTR,5,W,294.5,11:48:00,7.1,4.854545455,NA,NA,NA,NA,515.4244364,5
444,2/24/2023,2023,2,24,MonMon,PTR,5,W,240.9,11:54:00,4.6,4.854545455,NA,NA,NA,NA,461.8244364,5
445,2/24/2023,2023,2,24,MonMon,PTR,5,W,282.1,11:55:00,5.1,4.854545455,NA,NA,NA,NA,503.0244364,5
446,2/24/2023,2023,2,24,MonMon,PTR,5,W,193.5,12:12:00,4,4.854545455,NA,NA,NA,NA,414.4244364,5
447,2/24/2023,2023,2,24,MonMon,PTR,5,W,261.9,12:13:00,4.3,4.854545455,NA,NA,NA,NA,482.8244364,5
448,2/24/2023,2023,2,24,MonMon,PTR,5,W,306,12:18:00,4.5,4.854545455,NA,NA,NA,NA,526.9244364,5
449,2/24/2023,2023,2,24,MonMon,PTR,5,TR,353.3,13:02:00,3.9,4.854545455,NA,NA,NA,NA,574.2244364,5
450,2/24/2023,2023,2,24,MonMon,PTR,5,TR,355.8,13:05:00,4.2,4.854545455,NA,NA,NA,NA,576.7244364,5
451,2/24/2023,2023,2,24,MonMon,PTR,5,TR,369.3,13:06:00,4.8,4.854545455,NA,NA,NA,NA,590.2244364,5
452,2/24/2023,2023,2,24,MonMon,PTR,5,TR,323.3,13:11:00,6.2,4.854545455,NA,NA,NA,NA,544.2244364,5
453,2/24/2023,2023,2,24,MonMon,PTR,5,TR,360.4,13:15:00,5.3,4.854545455,NA,NA,NA,NA,581.3244364,5
454,2/24/2023,2023,2,24,MonMon,PTR,5,TR,374.6,13:16:00,6.5,4.854545455,NA,NA,NA,NA,595.5244364,5
455,2/24/2023,2023,2,24,MonMon,PTR,5,UP,333.5,14:08:00,NA,4.854545455,NA,NA,NA,NA,554.4244364,5
456,2/24/2023,2023,2,24,MonMon,PTR,5,UP,347.5,14:10:00,NA,4.854545455,NA,NA,NA,NA,568.4244364,5
457,2/24/2023,2023,2,24,MonMon,PTR,5,UP,363.1,14:15:00,NA,4.854545455,NA,NA,NA,NA,584.0244364,5
458,2/24/2023,2023,2,24,MonMon,PTR,5,UP,361.5,14:16:00,NA,4.854545455,NA,NA,NA,NA,582.4244364,5
459,2/24/2023,2023,2,24,MonMon,PTR,5,UP,369.1,14:20:00,NA,4.854545455,NA,NA,NA,NA,590.0244364,5
460,2/24/2023,2023,2,24,MonMon,PTR,5,UP,367.9,14:21:00,NA,4.854545455,NA,NA,NA,NA,588.8244364,5
461,2/24/2023,2023,2,24,MonMon,PTR,10,W,247.6,12:19:00,NA,4.854545455,NA,NA,NA,NA,468.5244364,10
462,2/24/2023,2023,2,24,MonMon,PTR,10,W,244.9,12:20:00,NA,4.854545455,NA,NA,NA,NA,465.8244364,10
463,2/24/2023,2023,2,24,MonMon,PTR,10,W,278.8,12:21:00,NA,4.854545455,NA,NA,NA,NA,499.7244364,10
464,2/24/2023,2023,2,24,MonMon,PTR,10,W,168,12:22:00,NA,4.854545455,NA,NA,NA,NA,388.9244364,10
465,2/24/2023,2023,2,24,MonMon,PTR,10,W,281.3,12:24:00,NA,4.854545455,NA,NA,NA,NA,502.2244364,10
466,2/24/2023,2023,2,24,MonMon,PTR,10,W,272.8,12:26:00,NA,4.854545455,NA,NA,NA,NA,493.7244364,10
467,2/24/2023,2023,2,24,MonMon,PTR,10,TR,361.4,13:18:00,NA,4.854545455,NA,NA,NA,NA,582.3244364,10
468,2/24/2023,2023,2,24,MonMon,PTR,10,TR,361.8,13:19:00,NA,4.854545455,NA,NA,NA,NA,582.7244364,10
469,2/24/2023,2023,2,24,MonMon,PTR,10,TR,389.4,13:21:00,NA,4.854545455,NA,NA,NA,NA,610.3244364,10
470,2/24/2023,2023,2,24,MonMon,PTR,10,TR,377.6,13:26:00,NA,4.854545455,NA,NA,NA,NA,598.5244364,10
471,2/24/2023,2023,2,24,MonMon,PTR,10,TR,328.4,13:34:00,NA,4.854545455,NA,NA,NA,NA,549.3244364,10
472,2/24/2023,2023,2,24,MonMon,PTR,10,TR,382.6,13:35:00,NA,4.854545455,NA,NA,NA,NA,603.5244364,10
473,2/24/2023,2023,2,24,MonMon,PTR,10,UP,326.1,14:23:00,NA,4.854545455,NA,NA,NA,NA,547.0244364,10
474,2/24/2023,2023,2,24,MonMon,PTR,10,UP,368.1,14:23:00,NA,4.854545455,NA,NA,NA,NA,589.0244364,10
475,2/24/2023,2023,2,24,MonMon,PTR,10,UP,389.2,14:24:00,NA,4.854545455,NA,NA,NA,NA,610.1244364,10
476,2/24/2023,2023,2,24,MonMon,PTR,10,UP,369.2,14:25:00,NA,4.854545455,NA,NA,NA,NA,590.1244364,10
477,2/24/2023,2023,2,24,MonMon,PTR,10,UP,392.4,14:26:00,NA,4.854545455,NA,NA,NA,NA,613.3244364,10
478,2/24/2023,2023,2,24,MonMon,PTR,10,UP,386.2,14:27:00,NA,4.854545455,NA,NA,NA,NA,607.1244364,10
479,2/24/2023,2023,2,24,MonMon,PTR,20,W,219.8,12:34:00,NA,4.854545455,NA,NA,NA,NA,440.7244364,20
480,2/24/2023,2023,2,24,MonMon,PTR,20,W,239.2,12:36:00,NA,4.854545455,NA,NA,NA,NA,460.1244364,20
481,2/24/2023,2023,2,24,MonMon,PTR,20,W,296.9,12:37:00,NA,4.854545455,NA,NA,NA,NA,517.8244364,20
482,2/24/2023,2023,2,24,MonMon,PTR,20,W,163.1,12:38:00,NA,4.854545455,NA,NA,NA,NA,384.0244364,20
483,2/24/2023,2023,2,24,MonMon,PTR,20,W,264.6,12:41:00,NA,4.854545455,NA,NA,NA,NA,485.5244364,20
484,2/24/2023,2023,2,24,MonMon,PTR,20,W,290.7,12:42:00,NA,4.854545455,NA,NA,NA,NA,511.6244364,20
485,2/24/2023,2023,2,24,MonMon,PTR,20,TR,424.3,13:36:00,NA,4.854545455,NA,NA,NA,NA,645.2244364,20
486,2/24/2023,2023,2,24,MonMon,PTR,20,TR,323.4,13:37:00,NA,4.854545455,NA,NA,NA,NA,544.3244364,20
487,2/24/2023,2023,2,24,MonMon,PTR,20,TR,405.3,13:38:00,NA,4.854545455,NA,NA,NA,NA,626.2244364,20
488,2/24/2023,2023,2,24,MonMon,PTR,20,TR,398.2,13:40:00,NA,4.854545455,NA,NA,NA,NA,619.1244364,20
489,2/24/2023,2023,2,24,MonMon,PTR,20,TR,394,13:44:00,NA,4.854545455,NA,NA,NA,NA,614.9244364,20
490,2/24/2023,2023,2,24,MonMon,PTR,20,TR,405,13:45:00,NA,4.854545455,NA,NA,NA,NA,625.9244364,20
491,2/24/2023,2023,2,24,MonMon,PTR,20,UP,382.3,14:29:00,NA,4.854545455,NA,NA,NA,NA,603.2244364,20
492,2/24/2023,2023,2,24,MonMon,PTR,20,UP,410.6,14:30:00,NA,4.854545455,NA,NA,NA,NA,631.5244364,20
493,2/24/2023,2023,2,24,MonMon,PTR,20,UP,410.2,14:31:00,NA,4.854545455,NA,NA,NA,NA,631.1244364,20
494,2/24/2023,2023,2,24,MonMon,PTR,20,UP,417.6,14:32:00,NA,4.854545455,NA,NA,NA,NA,638.5244364,20
495,2/24/2023,2023,2,24,MonMon,PTR,20,UP,426.9,14:33:00,NA,4.854545455,NA,NA,NA,NA,647.8244364,20
496,2/24/2023,2023,2,24,MonMon,PTR,20,UP,427.1,14:34:00,NA,4.854545455,NA,NA,NA,NA,648.0244364,20
497,3/24/2023,2023,3,24,MonMon,CRC,5,W,28.2,NA,5.3,5.3,NA,NA,NA,NA,248.8046,5
498,3/24/2023,2023,3,24,MonMon,CRC,5,W,30.3,NA,5.1,5.3,NA,NA,NA,NA,250.9046,5
499,3/24/2023,2023,3,24,MonMon,CRC,5,W,21.1,NA,5.4,5.3,NA,NA,NA,NA,241.7046,5
500,3/24/2023,2023,3,24,MonMon,CRC,5,W,76.7,NA,5.1,5.3,NA,NA,NA,NA,297.3046,5
501,3/24/2023,2023,3,24,MonMon,CRC,5,W,38.5,NA,5.3,5.3,NA,NA,NA,NA,259.1046,5
502,3/24/2023,2023,3,24,MonMon,CRC,5,W,71.7,NA,5.2,5.3,NA,NA,NA,NA,292.3046,5
503,3/24/2023,2023,3,24,MonMon,CRC,10,W,118.8,NA,5.1,5.3,NA,NA,NA,NA,339.4046,10
504,3/24/2023,2023,3,24,MonMon,CRC,10,W,216,NA,5,5.3,NA,NA,NA,NA,436.6046,10
505,3/24/2023,2023,3,24,MonMon,CRC,10,W,176.4,NA,5.3,5.3,NA,NA,NA,NA,397.0046,10
506,3/24/2023,2023,3,24,MonMon,CRC,10,W,159.6,NA,5,5.3,NA,NA,NA,NA,380.2046,10
507,3/24/2023,2023,3,24,MonMon,CRC,20,W,230.9,NA,5.5,5.3,NA,NA,NA,NA,451.5046,20
508,3/24/2023,2023,3,24,MonMon,CRC,20,W,261.9,NA,5.4,5.3,NA,NA,NA,NA,482.5046,20
509,3/24/2023,2023,3,24,MonMon,CRC,20,W,201.7,NA,5.7,5.3,NA,NA,NA,NA,422.3046,20
510,3/24/2023,2023,3,24,MonMon,CRC,20,W,205.6,NA,5.8,5.3,NA,NA,NA,NA,426.2046,20
511,3/24/2023,2023,3,24,MonMon,CRC,5,TR,162.8,NA,5.2,5.3,NA,NA,NA,NA,383.4046,5
512,3/24/2023,2023,3,24,MonMon,CRC,5,TR,136.5,NA,5.4,5.3,NA,NA,NA,NA,357.1046,5
513,3/24/2023,2023,3,24,MonMon,CRC,5,TR,54.9,NA,5.2,5.3,NA,NA,NA,NA,275.5046,5
514,3/24/2023,2023,3,24,MonMon,CRC,5,TR,85.3,NA,5.1,5.3,NA,NA,NA,NA,305.9046,5
515,3/24/2023,2023,3,24,MonMon,CRC,5,TR,164.4,NA,NA,5.3,NA,NA,NA,NA,385.0046,5
516,3/24/2023,2023,3,24,MonMon,CRC,5,TR,217.2,NA,NA,5.3,NA,NA,NA,NA,437.8046,5
517,3/24/2023,2023,3,24,MonMon,CRC,10,TR,153.1,NA,NA,5.3,NA,NA,NA,NA,373.7046,10
518,3/24/2023,2023,3,24,MonMon,CRC,10,TR,162.2,NA,NA,5.3,NA,NA,NA,NA,382.8046,10
519,3/24/2023,2023,3,24,MonMon,CRC,10,TR,116.2,NA,NA,5.3,NA,NA,NA,NA,336.8046,10
520,3/24/2023,2023,3,24,MonMon,CRC,10,TR,173.8,NA,NA,5.3,NA,NA,NA,NA,394.4046,10
521,3/24/2023,2023,3,24,MonMon,CRC,10,TR,224.9,NA,NA,5.3,NA,NA,NA,NA,445.5046,10
522,3/24/2023,2023,3,24,MonMon,CRC,20,TR,249.2,NA,NA,5.3,NA,NA,NA,NA,469.8046,20
523,3/24/2023,2023,3,24,MonMon,CRC,20,TR,233.4,NA,NA,5.3,NA,NA,NA,NA,454.0046,20
524,3/24/2023,2023,3,24,MonMon,CRC,20,TR,269,NA,NA,5.3,NA,NA,NA,NA,489.6046,20
525,3/24/2023,2023,3,24,MonMon,CRC,20,TR,149.4,NA,NA,5.3,NA,NA,NA,NA,370.0046,20
526,3/24/2023,2023,3,24,MonMon,CRC,20,TR,139.6,NA,NA,5.3,NA,NA,NA,NA,360.2046,20
527,3/24/2023,2023,3,24,MonMon,CRC,20,TR,175.8,NA,NA,5.3,NA,NA,NA,NA,396.4046,20
528,3/24/2023,2023,3,24,MonMon,CRC,5,UP,374.8,NA,NA,5.3,NA,NA,NA,NA,595.4046,5
529,3/24/2023,2023,3,24,MonMon,CRC,5,UP,376.7,NA,NA,5.3,NA,NA,NA,NA,597.3046,5
530,3/24/2023,2023,3,24,MonMon,CRC,5,UP,375.3,NA,NA,5.3,NA,NA,NA,NA,595.9046,5
531,3/24/2023,2023,3,24,MonMon,CRC,5,UP,362.3,NA,NA,5.3,NA,NA,NA,NA,582.9046,5
532,3/24/2023,2023,3,24,MonMon,CRC,5,UP,350.9,NA,NA,5.3,NA,NA,NA,NA,571.5046,5
533,3/24/2023,2023,3,24,MonMon,CRC,5,UP,332,NA,NA,5.3,NA,NA,NA,NA,552.6046,5
534,3/24/2023,2023,3,24,MonMon,CRC,10,UP,415.1,NA,NA,5.3,NA,NA,NA,NA,635.7046,10
535,3/24/2023,2023,3,24,MonMon,CRC,10,UP,442.6,NA,NA,5.3,NA,NA,NA,NA,663.2046,10
536,3/24/2023,2023,3,24,MonMon,CRC,10,UP,392.4,NA,NA,5.3,NA,NA,NA,NA,613.0046,10
537,3/24/2023,2023,3,24,MonMon,CRC,10,UP,336.9,NA,NA,5.3,NA,NA,NA,NA,557.5046,10
538,3/24/2023,2023,3,24,MonMon,CRC,10,UP,389.9,NA,NA,5.3,NA,NA,NA,NA,610.5046,10
539,3/24/2023,2023,3,24,MonMon,CRC,10,UP,350.8,NA,NA,5.3,NA,NA,NA,NA,571.4046,10
540,3/24/2023,2023,3,24,MonMon,CRC,20,UP,401.3,NA,NA,5.3,NA,NA,NA,NA,621.9046,20
541,3/24/2023,2023,3,24,MonMon,CRC,20,UP,422.1,NA,NA,5.3,NA,NA,NA,NA,642.7046,20
542,3/24/2023,2023,3,24,MonMon,CRC,20,UP,397.3,NA,NA,5.3,NA,NA,NA,NA,617.9046,20
543,3/24/2023,2023,3,24,MonMon,CRC,20,UP,366.5,NA,NA,5.3,NA,NA,NA,NA,587.1046,20
544,3/24/2023,2023,3,24,MonMon,CRC,20,UP,416.1,NA,NA,5.3,NA,NA,NA,NA,636.7046,20
545,3/24/2023,2023,3,24,MonMon,CRC,20,UP,387.8,NA,NA,5.3,NA,NA,NA,NA,608.4046,20
546,4/14/2023,2023,4,14,MonMon,CRC,5,W,-27.8,10:29:00,15.5,17.52,NA,NA,NA,NA,184.03064,5
547,4/14/2023,2023,4,14,MonMon,CRC,5,W,-102.1,10:30:00,18.7,17.52,NA,NA,NA,NA,109.73064,5
548,4/14/2023,2023,4,14,MonMon,CRC,5,W,7.9,10:31:00,17.3,17.52,NA,NA,NA,NA,219.73064,5
549,4/14/2023,2023,4,14,MonMon,CRC,5,W,-111.1,10:33:00,NA,17.52,NA,NA,NA,NA,100.73064,5
550,4/14/2023,2023,4,14,MonMon,CRC,5,W,-49.9,10:34:00,19.9,17.52,NA,NA,NA,NA,161.93064,5
551,4/14/2023,2023,4,14,MonMon,CRC,5,W,-59.1,10:35:00,16.2,17.52,NA,NA,NA,NA,152.73064,5
552,4/14/2023,2023,4,14,MonMon,CRC,10,W,138.3,10:37:00,NA,17.52,NA,NA,NA,NA,350.13064,10
553,4/14/2023,2023,4,14,MonMon,CRC,10,W,-8.8,10:39:00,NA,17.52,NA,NA,NA,NA,203.03064,10
554,4/14/2023,2023,4,14,MonMon,CRC,10,W,39,10:42:00,NA,17.52,NA,NA,NA,NA,250.83064,10
555,4/14/2023,2023,4,14,MonMon,CRC,10,W,23.7,10:47:00,NA,17.52,NA,NA,NA,NA,235.53064,10
556,4/14/2023,2023,4,14,MonMon,CRC,10,W,90.1,10:48:00,NA,17.52,NA,NA,NA,NA,301.93064,10
557,4/14/2023,2023,4,14,MonMon,CRC,10,W,138.9,10:49:00,NA,17.52,NA,NA,NA,NA,350.73064,10
558,4/14/2023,2023,4,14,MonMon,CRC,20,W,221.7,10:50:00,NA,17.52,NA,NA,NA,NA,433.53064,20
559,4/14/2023,2023,4,14,MonMon,CRC,20,W,158.5,10:53:00,NA,17.52,NA,NA,NA,NA,370.33064,20
560,4/14/2023,2023,4,14,MonMon,CRC,20,W,198.4,10:57:00,NA,17.52,NA,NA,NA,NA,410.23064,20
561,4/14/2023,2023,4,14,MonMon,CRC,20,W,188.2,11:03:00,NA,17.52,NA,NA,NA,NA,400.03064,20
562,4/14/2023,2023,4,14,MonMon,CRC,20,W,81.8,11:03:00,NA,17.52,NA,NA,NA,NA,293.63064,20
563,4/14/2023,2023,4,14,MonMon,CRC,20,W,219.7,11:06:00,NA,17.52,NA,NA,NA,NA,431.53064,20
564,4/14/2023,2023,4,14,MonMon,CRC,5,TR,12.4,11:34:00,NA,17.52,NA,NA,NA,NA,224.23064,5
565,4/14/2023,2023,4,14,MonMon,CRC,5,TR,52.1,11:42:00,NA,17.52,NA,NA,NA,NA,263.93064,5
566,4/14/2023,2023,4,14,MonMon,CRC,5,TR,55.2,11:45:00,NA,17.52,NA,NA,NA,NA,267.03064,5
567,4/14/2023,2023,4,14,MonMon,CRC,5,TR,28.9,11:54:00,NA,17.52,NA,NA,NA,NA,240.73064,5
568,4/14/2023,2023,4,14,MonMon,CRC,5,TR,139.9,11:56:00,NA,17.52,NA,NA,NA,NA,351.73064,5
569,4/14/2023,2023,4,14,MonMon,CRC,5,TR,58.8,11:59:00,NA,17.52,NA,NA,NA,NA,270.63064,5
570,4/14/2023,2023,4,14,MonMon,CRC,10,TR,95.9,12:04:00,NA,17.52,NA,NA,NA,NA,307.73064,10
571,4/14/2023,2023,4,14,MonMon,CRC,10,TR,118,12:06:00,NA,17.52,NA,NA,NA,NA,329.83064,10
572,4/14/2023,2023,4,14,MonMon,CRC,10,TR,12.4,12:07:00,NA,17.52,NA,NA,NA,NA,224.23064,10
573,4/14/2023,2023,4,14,MonMon,CRC,10,TR,152.9,12:08:00,NA,17.52,NA,NA,NA,NA,364.73064,10
574,4/14/2023,2023,4,14,MonMon,CRC,10,TR,111.3,12:09:00,NA,17.52,NA,NA,NA,NA,323.13064,10
575,4/14/2023,2023,4,14,MonMon,CRC,10,TR,63,12:14:00,NA,17.52,NA,NA,NA,NA,274.83064,10
576,4/14/2023,2023,4,14,MonMon,CRC,20,TR,72,12:14:00,NA,17.52,NA,NA,NA,NA,283.83064,20
577,4/14/2023,2023,4,14,MonMon,CRC,20,TR,103.2,12:16:00,NA,17.52,NA,NA,NA,NA,315.03064,20
578,4/14/2023,2023,4,14,MonMon,CRC,20,TR,48.2,12:20:00,NA,17.52,NA,NA,NA,NA,260.03064,20
579,4/14/2023,2023,4,14,MonMon,CRC,20,TR,154.5,12:21:00,NA,17.52,NA,NA,NA,NA,366.33064,20
580,4/14/2023,2023,4,14,MonMon,CRC,20,TR,114.8,12:27:00,NA,17.52,NA,NA,NA,NA,326.63064,20
581,4/14/2023,2023,4,14,MonMon,CRC,20,TR,149.4,12:32:00,NA,17.52,NA,NA,NA,NA,361.23064,20
582,4/14/2023,2023,4,14,MonMon,CRC,5,UP,348.7,13:19:00,NA,17.52,NA,NA,NA,NA,560.53064,5
583,4/14/2023,2023,4,14,MonMon,CRC,5,UP,321.7,13:26:00,NA,17.52,NA,NA,NA,NA,533.53064,5
584,4/14/2023,2023,4,14,MonMon,CRC,5,UP,310.1,13:26:00,NA,17.52,NA,NA,NA,NA,521.93064,5
585,4/14/2023,2023,4,14,MonMon,CRC,5,UP,296.9,13:27:00,NA,17.52,NA,NA,NA,NA,508.73064,5
586,4/14/2023,2023,4,14,MonMon,CRC,5,UP,264,13:30:00,NA,17.52,NA,NA,NA,NA,475.83064,5
587,4/14/2023,2023,4,14,MonMon,CRC,5,UP,309.7,13:34:00,NA,17.52,NA,NA,NA,NA,521.53064,5
588,4/14/2023,2023,4,14,MonMon,CRC,10,UP,387,13:35:00,NA,17.52,NA,NA,NA,NA,598.83064,10
589,4/14/2023,2023,4,14,MonMon,CRC,10,UP,338.2,13:36:00,NA,17.52,NA,NA,NA,NA,550.03064,10
590,4/14/2023,2023,4,14,MonMon,CRC,10,UP,344.6,13:37:00,NA,17.52,NA,NA,NA,NA,556.43064,10
591,4/14/2023,2023,4,14,MonMon,CRC,10,UP,323.5,13:38:00,NA,17.52,NA,NA,NA,NA,535.33064,10
592,4/14/2023,2023,4,14,MonMon,CRC,10,UP,317.4,13:39:00,NA,17.52,NA,NA,NA,NA,529.23064,10
593,4/14/2023,2023,4,14,MonMon,CRC,10,UP,344.1,13:43:00,NA,17.52,NA,NA,NA,NA,555.93064,10
594,4/14/2023,2023,4,14,MonMon,CRC,20,UP,410,13:44:00,NA,17.52,NA,NA,NA,NA,621.83064,20
595,4/14/2023,2023,4,14,MonMon,CRC,20,UP,380.1,13:45:00,NA,17.52,NA,NA,NA,NA,591.93064,20
596,4/14/2023,2023,4,14,MonMon,CRC,20,UP,399.1,13:45:00,NA,17.52,NA,NA,NA,NA,610.93064,20
597,4/14/2023,2023,4,14,MonMon,CRC,20,UP,383.4,13:47:00,NA,17.52,NA,NA,NA,NA,595.23064,20
598,4/14/2023,2023,4,14,MonMon,CRC,20,UP,355.2,13:48:00,NA,17.52,NA,NA,NA,NA,567.03064,20
599,4/14/2023,2023,4,14,MonMon,CRC,20,UP,402.3,13:51:00,NA,17.52,NA,NA,NA,NA,614.13064,20
600,5/2/2023,2023,5,2,Camp,OWC,15,W,NA,12:00:00,NA,NA,NA,NA,NA,NA,NA,15
