Date,Year,Month,Day,Campaing,Site,Depth (cm),zone,Ehf (mV),TIME,Tsoil,Tmean,Notes,,,
8/17/2022,2022,08,17,MonMon,OWC,5,W,-48.2,14:22,31.00,32.50,,,,
8/17/2022,2022,08,17,MonMon,OWC,5,W,-81.7,14:26,34.00,32.50,,,,
8/17/2022,2022,08,17,MonMon,OWC,5,W,60.3,14:30,,32.50,,,,
8/17/2022,2022,08,17,MonMon,OWC,5,W,123.3,14:33,,32.50,,,,
8/17/2022,2022,08,17,MonMon,OWC,5,W,-22.3,14:35,,32.50,,,,
8/17/2022,2022,08,17,MonMon,OWC,5,W,-37.2,14:37,,32.50,,,,
8/17/2022,2022,08,17,MonMon,OWC,10,W,-116.8,14:40,,32.50,,,,
8/17/2022,2022,08,17,MonMon,OWC,10,W,-125.4,14:43,,32.50,,,,
8/17/2022,2022,08,17,MonMon,OWC,10,W,-122.1,14:46,,32.50,,,,
8/17/2022,2022,08,17,MonMon,OWC,10,W,-151.1,14:49,,32.50,,,,
8/17/2022,2022,08,17,MonMon,OWC,10,W,-123.6,14:52,,32.50,,,,
8/17/2022,2022,08,17,MonMon,OWC,10,W,-128.5,14:55,,32.50,,,,
9/16/2022,2022,9,16,MonMon,CRC,10,W,302.7,12:00,15.0,15.64,,,,
9/16/2022,2022,9,16,MonMon,CRC,10,W,313.3,,15.5,15.64,,,,
9/16/2022,2022,9,16,MonMon,CRC,10,W,277.5,,17.4,15.64,,,,
9/16/2022,2022,9,16,MonMon,CRC,10,W,270.7,,14.8,15.64,,,,
9/16/2022,2022,9,16,MonMon,CRC,10,TR,-268.1,15:30,15.5,15.64,,,,
9/16/2022,2022,9,16,MonMon,CRC,10,TR,-341.8,,,15.64,,,,
9/16/2022,2022,9,16,MonMon,CRC,10,TR,-467,,,15.64,,,,
9/16/2022,2022,9,16,MonMon,CRC,20,W,282.3,,,15.64,,,,
9/16/2022,2022,9,16,MonMon,CRC,20,W,333.2,,,15.64,,,,
9/16/2022,2022,9,16,MonMon,CRC,20,W,275.5,,,15.64,,,,
9/16/2022,2022,9,16,MonMon,CRC,20,W,273.5,,,15.64,,,,
9/16/2022,2022,9,16,MonMon,CRC,20,TR,80.6,,,15.64,,,,
9/16/2022,2022,9,16,MonMon,CRC,20,TR,44.5,,,15.64,,,,
9/16/2022,2022,9,16,MonMon,CRC,20,TR,90.2,,,15.64,,,,
9/23/2022,2022,9,23,MonMon,PTR,5,TR,355.2,,,15.64,,,,
9/23/2022,2022,9,23,MonMon,PTR,5,TR,285.2,,,15.64,,,,
9/23/2022,2022,9,23,MonMon,PTR,5,TR,311.4,,,15.64,,,,
9/23/2022,2022,9,23,MonMon,PTR,10,UP,288.7,8:35,,15.64,,,,
9/23/2022,2022,9,23,MonMon,PTR,10,UP,394.3,,,15.64,,,,
9/23/2022,2022,9,23,MonMon,PTR,10,UP,191.7,,,15.64,,,,
9/23/2022,2022,9,23,MonMon,PTR,10,W,396.4,,,15.64,,,,
9/23/2022,2022,9,23,MonMon,PTR,10,W,396.4,,,15.64,,,,
9/23/2022,2022,9,23,MonMon,PTR,10,W,407.8,,,15.64,,,,
9/23/2022,2022,9,23,MonMon,PTR,20,UP,,,,15.64,NA dry soil - very hard,,,
9/23/2022,2022,9,23,MonMon,PTR,20,UP,,,,15.64,,,,
9/23/2022,2022,9,23,MonMon,PTR,20,UP,,,,15.64,,,,
9/23/2022,2022,9,23,MonMon,PTR,20,W,415.8,,,15.64,,,,
9/23/2022,2022,9,23,MonMon,PTR,20,W,418.6,,,15.64,,,,
9/23/2022,2022,9,23,MonMon,PTR,20,W,419.2,,,15.64,,,,
9/30/2022,2022,9,30,MonMon,OWC,10,W,-253.8,12:00,,15.64,,,,
9/30/2022,2022,9,30,MonMon,OWC,10,W,-275.4,,,15.64,,,,
9/30/2022,2022,9,30,MonMon,OWC,10,W,-311.7,,,15.64,,,,
9/30/2022,2022,9,30,MonMon,OWC,20,W,-215.8,,,15.64,,,,
9/30/2022,2022,9,30,MonMon,OWC,20,W,-185.9,,,15.64,,,,
9/30/2022,2022,9,30,MonMon,OWC,20,W,-315.7,,,15.64,,,,
10/14/2022,2022,10,14,MonMon,CRC,10,W,369.9,,,15.64,,,,
10/14/2022,2022,10,14,MonMon,CRC,10,W,459.6,,,15.64,,,,
10/14/2022,2022,10,14,MonMon,CRC,10,W,458.1,,,15.64,,,,
10/14/2022,2022,10,14,MonMon,CRC,10,TR,457.1,12:50,,15.64,,,,
10/14/2022,2022,10,14,MonMon,CRC,10,TR,428.2,12:50,,15.64,,,,
10/14/2022,2022,10,14,MonMon,CRC,10,TR,440.9,12:50,,15.64,,,,
10/14/2022,2022,10,14,MonMon,CRC,10,UP,313.3,1:28,,15.64,,,,
10/14/2022,2022,10,14,MonMon,CRC,10,UP,366.3,1:28,,15.64,,,,
10/14/2022,2022,10,14,MonMon,CRC,10,UP,350.1,1:28,,15.64,,,,
10/14/2022,2022,10,14,MonMon,CRC,20,W,436.6,,,15.64,,,,
10/14/2022,2022,10,14,MonMon,CRC,20,W,466,,,15.64,,,,
10/14/2022,2022,10,14,MonMon,CRC,20,W,448.4,,,15.64,,,,
10/14/2022,2022,10,14,MonMon,CRC,20,TR,407.1,12:50,,15.64,,,,
10/14/2022,2022,10,14,MonMon,CRC,20,TR,431.2,12:50,,15.64,,,,
10/14/2022,2022,10,14,MonMon,CRC,20,TR,378.2,12:50,,15.64,,,,
10/14/2022,2022,10,14,MonMon,CRC,20,UP,,1:28,,15.64,NA dry soil - very hard,,,
10/14/2022,2022,10,14,MonMon,CRC,20,UP,,1:28,,15.64,NA dry soil - very hard,,,
10/14/2022,2022,10,14,MonMon,CRC,20,UP,,1:28,,15.64,NA dry soil - very hard,,,
10/21/2022,2022,10,21,MonMon,OWC,10,W,-115.1,10:35,,15.64,,,,
10/21/2022,2022,10,21,MonMon,OWC,10,W,-112.9,,,15.64,,,,
10/21/2022,2022,10,21,MonMon,OWC,10,W,-65.9,,,15.64,,,,
10/21/2022,2022,10,21,MonMon,OWC,10,UP,399.4,,,15.64,,,,
10/21/2022,2022,10,21,MonMon,OWC,10,UP,260.1,,,15.64,,,,
10/21/2022,2022,10,21,MonMon,OWC,10,UP,378.9,,,15.64,,,,
10/21/2022,2022,10,21,MonMon,OWC,10,TR,317.5,11:00,,15.64,,,,
10/21/2022,2022,10,21,MonMon,OWC,10,TR,339.9,,,15.64,,,,
10/21/2022,2022,10,21,MonMon,OWC,10,TR,280.3,,,15.64,,,,
10/21/2022,2022,10,21,MonMon,OWC,10,TR,336.1,,,15.64,S58-GHG soilcollar,,,
10/21/2022,2022,10,21,MonMon,OWC,10,TR,294,,,15.64,S58-GHG soilcollar,,,
10/21/2022,2022,10,21,MonMon,OWC,10,TR,326.2,,,15.64,S58-GHG soilcollar,,,
10/21/2022,2022,10,21,MonMon,OWC,10,TR,327.1,,,15.64,S63-GHG soilcollar,,,
10/21/2022,2022,10,21,MonMon,OWC,10,TR,277.8,,,15.64,S63-GHG soilcollar,,,
10/21/2022,2022,10,21,MonMon,OWC,10,TR,344.5,,,15.64,S63-GHG soilcollar,,,
10/21/2022,2022,10,21,MonMon,OWC,20,W,-119.7,,,15.64,,,,
10/21/2022,2022,10,21,MonMon,OWC,20,W,-102.7,,,15.64,,,,
10/21/2022,2022,10,21,MonMon,OWC,20,W,-322.9,,,15.64,,,,
10/21/2022,2022,10,21,MonMon,OWC,20,UP,288.1,,,15.64,,,,
10/21/2022,2022,10,21,MonMon,OWC,20,UP,329.9,,,15.64,,,,
10/21/2022,2022,10,21,MonMon,OWC,20,UP,364.7,,,15.64,,,,
10/21/2022,2022,10,21,MonMon,OWC,20,TR,330.2,,,15.64,,,,
10/21/2022,2022,10,21,MonMon,OWC,20,TR,346.8,,,15.64,,,,
10/21/2022,2022,10,21,MonMon,OWC,20,TR,187.2,,,15.64,,,,
10/21/2022,2022,10,21,MonMon,OWC,20,TR,347.9,,,15.64,,,,
10/21/2022,2022,10,21,MonMon,OWC,20,TR,320.3,,,15.64,S58-GHG soilcollar,,,
10/21/2022,2022,10,21,MonMon,OWC,20,TR,301.2,,,15.64,S58-GHG soilcollar,,,
10/21/2022,2022,10,21,MonMon,OWC,20,TR,317.4,,,15.64,S58-GHG soilcollar,,,
10/21/2022,2022,10,21,MonMon,OWC,20,TR,360.4,,,15.64,S63-GHG soilcollar,,,
10/21/2022,2022,10,21,MonMon,OWC,20,TR,359.3,,,15.64,S63-GHG soilcollar,,,
10/21/2022,2022,10,21,MonMon,OWC,20,TR,361.3,,,15.64,S63-GHG soilcollar,,,
11/4/2022,2022,11,4,MonMon,OWC,10,TR,385.5,,11.9,13.17,,,,
11/4/2022,2022,11,4,MonMon,OWC,10,TR,322.9,,11.7,13.17,,,,
11/4/2022,2022,11,4,MonMon,OWC,10,TR,264.9,,14.7,13.17,,,,
11/4/2022,2022,11,4,MonMon,OWC,10,UP,354.1,,12.9,13.17,,,,
11/4/2022,2022,11,4,MonMon,OWC,10,UP,257.9,,13.6,13.17,,,,
11/4/2022,2022,11,4,MonMon,OWC,10,UP,357.3,,14.2,13.17,,,,
11/4/2022,2022,11,4,MonMon,OWC,10,W,-103.9,,,13.17,,,,
11/4/2022,2022,11,4,MonMon,OWC,10,W,-150.9,,,13.17,,,,
11/4/2022,2022,11,4,MonMon,OWC,10,W,-211.1,,,13.17,,,,
11/4/2022,2022,11,4,MonMon,OWC,20,TR,299.7,,,13.17,,,,
11/4/2022,2022,11,4,MonMon,OWC,20,TR,226.2,,,13.17,,,,
11/4/2022,2022,11,4,MonMon,OWC,20,TR,205.4,,,13.17,,,,
11/4/2022,2022,11,4,MonMon,OWC,20,UP,273.3,,,13.17,,,,
11/4/2022,2022,11,4,MonMon,OWC,20,UP,396.4,,,13.17,,,,
11/4/2022,2022,11,4,MonMon,OWC,20,UP,344.7,,,13.17,,,,
11/4/2022,2022,11,4,MonMon,OWC,20,W,-75.4,,,13.17,,,,
11/4/2022,2022,11,4,MonMon,OWC,20,W,-80.5,,,13.17,,,,
11/4/2022,2022,11,4,MonMon,OWC,20,W,-100.1,,,13.17,,,,
12/20/2022,2022,12,20,MonMon,OWC,5,UP,358.5,,,8.33,,,,
12/20/2022,2022,12,20,MonMon,OWC,5,UP,364.6,,,8.33,,,,
12/20/2022,2022,12,20,MonMon,OWC,5,UP,381.8,,,8.33,,,,
12/20/2022,2022,12,20,MonMon,OWC,5,TR,310.3,,,8.33,,,,
12/20/2022,2022,12,20,MonMon,OWC,5,TR,295.7,,,8.33,,,,
12/20/2022,2022,12,20,MonMon,OWC,5,TR,327.7,,,8.33,,,,
12/20/2022,2022,12,20,MonMon,OWC,10,UP,368.8,,,8.33,,,,
12/20/2022,2022,12,20,MonMon,OWC,10,UP,369.3,,,8.33,,,,
12/20/2022,2022,12,20,MonMon,OWC,10,UP,402.7,,,8.33,,,,
12/20/2022,2022,12,20,MonMon,OWC,10,TR,232.3,,,8.33,,,,
12/20/2022,2022,12,20,MonMon,OWC,10,TR,321.2,,,8.33,,,,
12/20/2022,2022,12,20,MonMon,OWC,10,TR,263.5,,,8.33,,,,
12/20/2022,2022,12,20,MonMon,OWC,20,UP,365.2,,,8.33,,,,
12/20/2022,2022,12,20,MonMon,OWC,20,UP,414.6,,,8.33,,,,
12/20/2022,2022,12,20,MonMon,OWC,20,UP,405.1,,,8.33,,,,
12/20/2022,2022,12,20,MonMon,OWC,20,TR,332.3,,,8.33,,,,
12/20/2022,2022,12,20,MonMon,OWC,20,TR,335.1,,,8.33,,,,
12/20/2022,2022,12,20,MonMon,OWC,20,TR,300.6,,,8.33,,,,
12/20/2022,2022,12,20,MonMon,OWC,20,TR,291.6,,,8.33,,,,
12/20/2022,2022,12,20,MonMon,OWC,20,TR,348,,,8.33,,,,
12/20/2022,2022,12,20,MonMon,OWC,20,TR,347.5,,,8.33,,,,
1/5/2023,2023,1,5,MonMon,OWC,5,W,-109.2,,3.5,4.8,,,,
1/5/2023,2023,1,5,MonMon,OWC,5,W,-111,,4.1,4.8,,,,
1/5/2023,2023,1,5,MonMon,OWC,5,W,-119.1,,5.6,4.8,,,,
1/5/2023,2023,1,5,MonMon,OWC,5,W,-105.2,,5.0,4.8,,,,
1/5/2023,2023,1,5,MonMon,OWC,5,W,-95.2,,4.7,4.8,,,,
1/5/2023,2023,1,5,MonMon,OWC,5,W,-98.2,,5.4,4.8,,,,
1/5/2023,2023,1,5,MonMon,OWC,5,TR,331.3,,5.0,4.8,,,,
1/5/2023,2023,1,5,MonMon,OWC,5,TR,344.6,,5.1,4.8,,,,
1/5/2023,2023,1,5,MonMon,OWC,5,TR,336.6,,4.8,4.8,,,,
1/5/2023,2023,1,5,MonMon,OWC,5,TR,301.5,,,4.8,,,,
1/5/2023,2023,1,5,MonMon,OWC,5,TR,349.7,,,4.8,,,,
1/5/2023,2023,1,5,MonMon,OWC,5,TR,311.9,,,4.8,,,,
1/5/2023,2023,1,5,MonMon,OWC,5,UP,301.2,,,4.8,,,,
1/5/2023,2023,1,5,MonMon,OWC,5,UP,304.2,,,4.8,,,,
1/5/2023,2023,1,5,MonMon,OWC,5,UP,342.7,,,4.8,,,,
1/5/2023,2023,1,5,MonMon,OWC,5,UP,337.7,,,4.8,,,,
1/5/2023,2023,1,5,MonMon,OWC,5,UP,273.8,,,4.8,,,,
1/5/2023,2023,1,5,MonMon,OWC,5,UP,328.3,,,4.8,,,,
1/5/2023,2023,1,5,MonMon,OWC,10,W,-123.2,,,4.8,,,,
1/5/2023,2023,1,5,MonMon,OWC,10,W,-94.3,,,4.8,,,,
1/5/2023,2023,1,5,MonMon,OWC,10,W,-122,,,4.8,,,,
1/5/2023,2023,1,5,MonMon,OWC,10,W,-118.5,,,4.8,,,,
1/5/2023,2023,1,5,MonMon,OWC,10,W,-121.4,,,4.8,,,,
1/5/2023,2023,1,5,MonMon,OWC,10,W,-107.7,,,4.8,E,,,
1/5/2023,2023,1,5,MonMon,OWC,10,TR,329.6,,,4.8,,,,
1/5/2023,2023,1,5,MonMon,OWC,10,TR,305.2,,,4.8,,,,
1/5/2023,2023,1,5,MonMon,OWC,10,TR,348.4,,,4.8,,,,
1/5/2023,2023,1,5,MonMon,OWC,10,TR,345.2,,,4.8,,,,
1/5/2023,2023,1,5,MonMon,OWC,10,TR,343.7,,,4.8,,,,
1/5/2023,2023,1,5,MonMon,OWC,10,TR,331.3,,,4.8,,,,
1/5/2023,2023,1,5,MonMon,OWC,10,UP,386.3,,,4.8,,,,
1/5/2023,2023,1,5,MonMon,OWC,10,UP,367.8,,,4.8,,,,
1/5/2023,2023,1,5,MonMon,OWC,10,UP,342.6,,,4.8,,,,
1/5/2023,2023,1,5,MonMon,OWC,10,UP,342.6,,,4.8,,,,
1/5/2023,2023,1,5,MonMon,OWC,10,UP,367.1,,,4.8,,,,
1/5/2023,2023,1,5,MonMon,OWC,10,UP,362.4,,,4.8,,,,
1/5/2023,2023,1,5,MonMon,OWC,20,W,-134.9,,,4.8,,,,
1/5/2023,2023,1,5,MonMon,OWC,20,W,-121.5,,,4.8,,,,
1/5/2023,2023,1,5,MonMon,OWC,20,W,-135.5,,,4.8,,,,
1/5/2023,2023,1,5,MonMon,OWC,20,W,-122.1,,,4.8,,,,
1/5/2023,2023,1,5,MonMon,OWC,20,W,-104.3,,,4.8,,,,
1/5/2023,2023,1,5,MonMon,OWC,20,W,-126.3,,,4.8,,,,
1/5/2023,2023,1,5,MonMon,OWC,20,TR,345.4,,,4.8,,,,
1/5/2023,2023,1,5,MonMon,OWC,20,TR,333.8,,,4.8,,,,
1/5/2023,2023,1,5,MonMon,OWC,20,TR,348.8,,,4.8,,,,
1/5/2023,2023,1,5,MonMon,OWC,20,TR,344.1,,,4.8,,,,
1/5/2023,2023,1,5,MonMon,OWC,20,TR,349.5,,,4.8,,,,
1/5/2023,2023,1,5,MonMon,OWC,20,TR,328.6,,,4.8,,,,
1/5/2023,2023,1,5,MonMon,OWC,20,UP,404,,,4.8,,,,
1/5/2023,2023,1,5,MonMon,OWC,20,UP,402.5,,,4.8,,,,
1/5/2023,2023,1,5,MonMon,OWC,20,UP,405.7,,,4.8,,,,
1/5/2023,2023,1,5,MonMon,OWC,20,UP,418.3,,,4.8,,,,
1/5/2023,2023,1,5,MonMon,OWC,20,UP,431.2,,,4.8,,,,
1/5/2023,2023,1,5,MonMon,OWC,20,UP,403.7,,,4.8,,,,
1/5/2023,2023,1,12,MonMon,PTR,5,TR,370.8,11:07,3.10,4.04,,,,
1/12/2023,2023,1,20,MonMon,CRC,5,W,149.1,10:36,3.8,4.0,,,,
1/12/2023,2023,1,20,MonMon,CRC,5,W,138.1,10:39,3.6,4.0,,,,
1/12/2023,2023,1,20,MonMon,CRC,5,W,187.5,10:42,4.3,4.0,,,,
1/12/2023,2023,1,20,MonMon,CRC,5,W,122.2,10:50,3.9,4.0,,,,
1/12/2023,2023,1,20,MonMon,CRC,5,W,258.3,10:52,4.0,4.0,,,,
1/12/2023,2023,1,20,MonMon,CRC,5,W,186,10:57,4.6,4.0,,,,
1/12/2023,2023,1,20,MonMon,CRC,5,TR,348.8,11:37,5.0,4.0,,,,
1/12/2023,2023,1,20,MonMon,CRC,5,TR,310.2,11:38,4.9,4.0,,,,
1/12/2023,2023,1,20,MonMon,CRC,5,TR,344.2,11:39,5.4,4.0,,,,
1/12/2023,2023,1,20,MonMon,CRC,5,TR,238.6,11:52,3.8,4.0,,,,
1/12/2023,2023,1,20,MonMon,CRC,5,TR,330.1,11:55,4.4,4.0,,,,
1/12/2023,2023,1,20,MonMon,CRC,5,TR,356.8,11:57,4.4,4.0,,,,
1/12/2023,2023,1,20,MonMon,CRC,5,UP,340.2,13:57,4.0,4.0,,,,
1/12/2023,2023,1,20,MonMon,CRC,5,UP,347.1,13:59,3.7,4.0,,,,
1/12/2023,2023,1,20,MonMon,CRC,5,UP,281.3,14:00,3.8,4.0,,,,
1/12/2023,2023,1,20,MonMon,CRC,5,UP,347.5,14:01,3.7,4.0,,,,
1/12/2023,2023,1,20,MonMon,CRC,5,UP,339.3,14:04,3.3,4.0,,,,
1/12/2023,2023,1,20,MonMon,CRC,5,UP,340,14:05,3.5,4.0,,,,
1/12/2023,2023,1,20,MonMon,CRC,10,W,140.9,10:58,3.6,4.0,,,,
1/12/2023,2023,1,20,MonMon,CRC,10,W,138.5,10:59,,4.0,,,,
1/12/2023,2023,1,20,MonMon,CRC,10,W,212.9,11:00,,4.0,,,,
1/12/2023,2023,1,20,MonMon,CRC,10,W,152.6,11:01,,4.0,,,,
1/12/2023,2023,1,20,MonMon,CRC,10,W,267.5,11:02,,4.0,,,,
1/12/2023,2023,1,20,MonMon,CRC,10,W,247.1,11:03,,4.0,,,,
1/12/2023,2023,1,20,MonMon,CRC,10,TR,267.5,11:59,,4.0,,,,
1/12/2023,2023,1,20,MonMon,CRC,10,TR,271.4,12:00,,4.0,,,,
1/12/2023,2023,1,20,MonMon,CRC,10,TR,306,12:02,,4.0,,,,
1/12/2023,2023,1,20,MonMon,CRC,10,TR,215.8,12:03,,4.0,,,,
1/12/2023,2023,1,20,MonMon,CRC,10,TR,307.6,12:04,,4.0,,,,
1/12/2023,2023,1,20,MonMon,CRC,10,TR,312.6,12:06,,4.0,,,,
1/12/2023,2023,1,20,MonMon,CRC,10,UP,372,14:07,,4.0,,,,
1/12/2023,2023,1,20,MonMon,CRC,10,UP,386.7,14:08,,4.0,,,,
1/12/2023,2023,1,20,MonMon,CRC,10,UP,301.3,14:10,,4.0,,,,
1/12/2023,2023,1,20,MonMon,CRC,10,UP,332,14:11,,4.0,,,,
1/12/2023,2023,1,20,MonMon,CRC,10,UP,371,14:12,,4.0,,,,
1/12/2023,2023,1,20,MonMon,CRC,10,UP,348.1,14:14,,4.0,,,,
1/12/2023,2023,1,20,MonMon,CRC,20,W,188.7,11:05,,4.0,,,,
1/12/2023,2023,1,20,MonMon,CRC,20,W,207.2,11:09,,4.0,,,,
1/12/2023,2023,1,20,MonMon,CRC,20,W,200.4,11:10,,4.0,,,,
1/12/2023,2023,1,20,MonMon,CRC,20,W,115.9,11:11,,4.0,,,,
1/12/2023,2023,1,20,MonMon,CRC,20,W,268.8,11:22,,4.0,,,,
1/12/2023,2023,1,20,MonMon,CRC,20,W,229.9,11:23,,4.0,,,,
1/12/2023,2023,1,20,MonMon,CRC,20,TR,317.6,12:07,,4.0,,,,
1/12/2023,2023,1,20,MonMon,CRC,20,TR,317.4,12:08,,4.0,,,,
1/12/2023,2023,1,20,MonMon,CRC,20,TR,314.4,12:09,,4.0,,,,
1/12/2023,2023,1,20,MonMon,CRC,20,TR,229,12:16,,4.0,,,,
1/12/2023,2023,1,20,MonMon,CRC,20,TR,296,12:17,,4.0,,,,
1/12/2023,2023,1,20,MonMon,CRC,20,TR,295.7,12:18,,4.0,,,,
1/12/2023,2023,1,20,MonMon,CRC,20,UP,368.9,14:15,,4.0,,,,
1/12/2023,2023,1,20,MonMon,CRC,20,UP,381.9,14:16,,4.0,,,,
1/12/2023,2023,1,20,MonMon,CRC,20,UP,327.8,14:17,,4.0,,,,
1/12/2023,2023,1,20,MonMon,CRC,20,UP,374.1,14:18,,4.0,,,,
1/12/2023,2023,1,20,MonMon,CRC,20,UP,367.9,14:20,,4.0,,,,
1/12/2023,2023,1,20,MonMon,CRC,20,UP,384.9,14:21,,4.0,,,,
1/12/2023,2023,1,12,MonMon,PTR,5,W,184.7,14:48,5.6,5.8,,,,
1/12/2023,2023,1,12,MonMon,PTR,5,W,180.5,14:57,5.9,5.8,,,,
1/12/2023,2023,1,12,MonMon,PTR,5,W,150.9,15:07,,5.8,,,,
1/12/2023,2023,1,12,MonMon,PTR,5,W,,,,5.8,,,,
1/12/2023,2023,1,12,MonMon,PTR,5,W,,,,5.8,,,,
1/12/2023,2023,1,12,MonMon,PTR,5,W,,,,5.8,,,,
1/12/2023,2023,1,12,MonMon,PTR,5,TR,210.3,11:14,,5.8,,,,
1/12/2023,2023,1,12,MonMon,PTR,5,TR,284.4,11:18,,5.8,,,,
1/12/2023,2023,1,12,MonMon,PTR,5,TR,265.6,11:27,,5.8,,,,
1/12/2023,2023,1,12,MonMon,PTR,5,TR,181.3,11:52,,5.8,,,,
1/12/2023,2023,1,12,MonMon,PTR,5,TR,164.1,10:01,,5.8,,,,
1/12/2023,2023,1,12,MonMon,PTR,5,UP,311.4,10:20,,5.8,,,,
1/12/2023,2023,1,12,MonMon,PTR,5,UP,316.9,10:22,,5.8,,,,
1/12/2023,2023,1,12,MonMon,PTR,5,UP,336.3,10:23,,5.8,,,,
1/12/2023,2023,1,12,MonMon,PTR,5,UP,326.4,10:24,,5.8,,,,
1/12/2023,2023,1,12,MonMon,PTR,5,UP,254,10:25,,5.8,,,,
1/12/2023,2023,1,12,MonMon,PTR,5,UP,331.9,10:29,,5.8,,,,
1/12/2023,2023,1,12,MonMon,PTR,10,W,231.7,15:17,,5.8,,,,
1/12/2023,2023,1,12,MonMon,PTR,10,W,251.5,15:24,,5.8,,,,
1/12/2023,2023,1,12,MonMon,PTR,10,W,220.6,15:33,,5.8,,,,
1/12/2023,2023,1,12,MonMon,PTR,10,W,,,,5.8,,,,
1/12/2023,2023,1,12,MonMon,PTR,10,W,,,,5.8,,,,
1/12/2023,2023,1,12,MonMon,PTR,10,W,,,,5.8,,,,
1/12/2023,2023,1,12,MonMon,PTR,10,TR,206.7,12:18,,5.8,,,,
1/12/2023,2023,1,12,MonMon,PTR,10,TR,173,14:48,,5.8,,,,
1/12/2023,2023,1,12,MonMon,PTR,10,TR,148.4,12:56,,5.8,,,,
1/12/2023,2023,1,12,MonMon,PTR,10,TR,142.5,13:08,,5.8,,,,
1/12/2023,2023,1,12,MonMon,PTR,10,TR,141.6,13:18,,5.8,,,,
1/12/2023,2023,1,12,MonMon,PTR,10,TR,134.6,13:33,,5.8,,,,
1/12/2023,2023,1,12,MonMon,PTR,10,UP,366.6,10:35,,5.8,,,,
1/12/2023,2023,1,12,MonMon,PTR,10,UP,332.3,10:36,,5.8,,,,
1/12/2023,2023,1,12,MonMon,PTR,10,UP,375.9,10:37,,5.8,,,,
1/12/2023,2023,1,12,MonMon,PTR,10,UP,346.1,10:39,,5.8,,,,
1/12/2023,2023,1,12,MonMon,PTR,10,UP,315.4,10:41,,5.8,,,,
1/12/2023,2023,1,12,MonMon,PTR,10,UP,343.1,10:42,,5.8,,,,
1/12/2023,2023,1,12,MonMon,PTR,20,W,111.6,15:51,,5.8,,,,
1/12/2023,2023,1,12,MonMon,PTR,20,W,77.5,16:06,,5.8,,,,
1/12/2023,2023,1,12,MonMon,PTR,20,W,79.3,16:12,,5.8,,,,
1/12/2023,2023,1,12,MonMon,PTR,20,W,,,,5.8,,,,
1/12/2023,2023,1,12,MonMon,PTR,20,W,,,,5.8,,,,
1/12/2023,2023,1,12,MonMon,PTR,20,W,,,,5.8,,,,
1/12/2023,2023,1,12,MonMon,PTR,20,TR,217.9,13:49,,5.8,,,,
1/12/2023,2023,1,12,MonMon,PTR,20,TR,249.4,14:00,,5.8,,,,
1/12/2023,2023,1,12,MonMon,PTR,20,TR,179.5,14:17,,5.8,,,,
1/12/2023,2023,1,12,MonMon,PTR,20,TR,270.8,14:36,,5.8,,,,
1/12/2023,2023,1,12,MonMon,PTR,20,TR,,,,5.8,,,,
1/12/2023,2023,1,12,MonMon,PTR,20,TR,,,,5.8,,,,
1/12/2023,2023,1,12,MonMon,PTR,20,UP,429.9,10:44,,5.8,,,,
1/12/2023,2023,1,12,MonMon,PTR,20,UP,382.2,10:45,,5.8,,,,
1/12/2023,2023,1,12,MonMon,PTR,20,UP,419.6,10:46,,5.8,,,,
1/12/2023,2023,1,12,MonMon,PTR,20,UP,344.3,10:46,,5.8,,,,
1/12/2023,2023,1,12,MonMon,PTR,20,UP,387.7,10:49,,5.8,,,,
1/12/2023,2023,1,12,MonMon,PTR,20,UP,400.9,10:50,,5.8,,,,
2/24/2023,2023,2,24,MonMon,PTR,5,W,194.5,11:48,7.1,4.722222222,,,,
2/24/2023,2023,2,24,MonMon,PTR,5,W,240.9,11:54,4.6,4.722222222,,,,
2/24/2023,2023,2,24,MonMon,PTR,5,W,280.1,11:55,5.1,4.722222222,,,,
2/24/2023,2023,2,24,MonMon,PTR,5,W,193.5,12:12,4,4.722222222,,,,
2/24/2023,2023,2,24,MonMon,PTR,5,W,261.9,12:13,4.3,4.722222222,,,,
2/24/2023,2023,2,24,MonMon,PTR,5,W,306.0,12:18,4.5,4.722222222,,,,
2/24/2023,2023,2,24,MonMon,PTR,5,TR,353.3,13:02,3.9,4.722222222,,,,
2/24/2023,2023,2,24,MonMon,PTR,5,TR,355.8,13:05,4.2,4.722222222,,,,
2/24/2023,2023,2,24,MonMon,PTR,5,TR,369.3,13:06,4.8,4.722222222,,,,
2/24/2023,2023,2,24,MonMon,PTR,5,TR,323.3,13:11,,4.722222222,,,,
2/24/2023,2023,2,24,MonMon,PTR,5,TR,360.4,13:15,,4.722222222,,,,
2/24/2023,2023,2,24,MonMon,PTR,5,TR,374.6,13:16,,4.722222222,,,,
2/24/2023,2023,2,24,MonMon,PTR,5,UP,333.5,14:08,,4.722222222,,,,
2/24/2023,2023,2,24,MonMon,PTR,5,UP,347.5,14:10,,4.722222222,,,,
2/24/2023,2023,2,24,MonMon,PTR,5,UP,363.1,14:15,,4.722222222,,,,
2/24/2023,2023,2,24,MonMon,PTR,5,UP,361.5,14:16,,4.722222222,,,,
2/24/2023,2023,2,24,MonMon,PTR,5,UP,369.1,14:20,,4.722222222,,,,
2/24/2023,2023,2,24,MonMon,PTR,5,UP,367.9,14:21,,4.722222222,,,,
2/24/2023,2023,2,24,MonMon,PTR,10,W,247.6,12:19,,4.722222222,,,,
2/24/2023,2023,2,24,MonMon,PTR,10,W,244.9,12:20,,4.722222222,,,,
2/24/2023,2023,2,24,MonMon,PTR,10,W,278.8,12:21,,4.722222222,,,,
2/24/2023,2023,2,24,MonMon,PTR,10,W,168.0,12:22,,4.722222222,,,,
2/24/2023,2023,2,24,MonMon,PTR,10,W,281.3,12:24,,4.722222222,,,,
2/24/2023,2023,2,24,MonMon,PTR,10,W,272.8,12:26,,4.722222222,,,,
2/24/2023,2023,2,24,MonMon,PTR,10,TR,361.4,13:18,,4.722222222,,,,
2/24/2023,2023,2,24,MonMon,PTR,10,TR,361.8,13:19,,4.722222222,,,,
2/24/2023,2023,2,24,MonMon,PTR,10,TR,389.4,13:21,,4.722222222,,,,
2/24/2023,2023,2,24,MonMon,PTR,10,TR,377.6,13:26,,4.722222222,,,,
2/24/2023,2023,2,24,MonMon,PTR,10,TR,328.4,13:34,,4.722222222,,,,
2/24/2023,2023,2,24,MonMon,PTR,10,TR,382.6,13:35,,4.722222222,,,,
2/24/2023,2023,2,24,MonMon,PTR,10,UP,326.1,14:23,,4.722222222,,,,
2/24/2023,2023,2,24,MonMon,PTR,10,UP,368.1,14:23,,4.722222222,,,,
2/24/2023,2023,2,24,MonMon,PTR,10,UP,389.2,14:24,,4.722222222,,,,
2/24/2023,2023,2,24,MonMon,PTR,10,UP,369.2,14:25,,4.722222222,,,,
2/24/2023,2023,2,24,MonMon,PTR,10,UP,392.4,14:26,,4.722222222,,,,
2/24/2023,2023,2,24,MonMon,PTR,10,UP,386.2,14:27,,4.722222222,,,,
2/24/2023,2023,2,24,MonMon,PTR,20,W,219.8,12:34,,4.722222222,,,,
2/24/2023,2023,2,24,MonMon,PTR,20,W,239.2,12:36,,4.722222222,,,,
2/24/2023,2023,2,24,MonMon,PTR,20,W,296.9,12:37,,4.722222222,,,,
2/24/2023,2023,2,24,MonMon,PTR,20,W,163.1,12:38,,4.722222222,,,,
2/24/2023,2023,2,24,MonMon,PTR,20,W,264.6,12:41,,4.722222222,,,,
2/24/2023,2023,2,24,MonMon,PTR,20,W,290.7,12:42,,4.722222222,,,,
2/24/2023,2023,2,24,MonMon,PTR,20,TR,424.3,13:36,,4.722222222,,,,
2/24/2023,2023,2,24,MonMon,PTR,20,TR,323.4,13:37,,4.722222222,,,,
2/24/2023,2023,2,24,MonMon,PTR,20,TR,405.3,13:38,,4.722222222,,,,
2/24/2023,2023,2,24,MonMon,PTR,20,TR,398.2,13:40,,4.722222222,,,,
2/24/2023,2023,2,24,MonMon,PTR,20,TR,384.0,13:44,,4.722222222,,,,
2/24/2023,2023,2,24,MonMon,PTR,20,TR,405.0,13:45,,4.722222222,,,,
2/24/2023,2023,2,24,MonMon,PTR,20,UP,382.3,14:29,,4.722222222,,,,
2/24/2023,2023,2,24,MonMon,PTR,20,UP,410.6,14:30,,4.722222222,,,,
2/24/2023,2023,2,24,MonMon,PTR,20,UP,410.2,14:31,,4.722222222,,,,
2/24/2023,2023,2,24,MonMon,PTR,20,UP,417.6,14:32,,4.722222222,,,,
2/24/2023,2023,2,24,MonMon,PTR,20,UP,426.9,14:33,,4.722222222,,,,
2/24/2023,2023,2,24,MonMon,PTR,20,UP,427.1,14:34,,4.722222222,,,,
2/10/2023,2023,2,10,MonMon,OWC,5,W,77.9,10:29,3.3,3.9,,,,
2/10/2023,2023,2,10,MonMon,OWC,5,W,51.1,10:36,3.0,3.9,,,,
2/10/2023,2023,2,10,MonMon,OWC,5,W,63.2,10:40,2.7,3.9,,,,
2/10/2023,2023,2,10,MonMon,OWC,5,W,174.2,10:42,3.5,3.9,,,,
2/10/2023,2023,2,10,MonMon,OWC,5,W,92.3,10:51,4.0,3.9,,,,
2/10/2023,2023,2,10,MonMon,OWC,5,W,145,10:58,3.9,3.9,,,,
2/10/2023,2023,2,10,MonMon,OWC,5,TR,232.2,11:53,4.1,3.9,,,,
2/10/2023,2023,2,10,MonMon,OWC,5,TR,276.1,11:55,4.2,3.9,,,,
2/10/2023,2023,2,10,MonMon,OWC,5,TR,281.1,11:58,3.9,3.9,,,,
2/10/2023,2023,2,10,MonMon,OWC,5,TR,251.3,11:59,4.3,3.9,,,,
2/10/2023,2023,2,10,MonMon,OWC,5,TR,244.4,12:02,4.9,3.9,,,,
2/10/2023,2023,2,10,MonMon,OWC,5,TR,280.9,12:03,4.2,3.9,,,,
2/10/2023,2023,2,10,MonMon,OWC,5,UP,291.2,12:35,,3.9,,,,
2/10/2023,2023,2,10,MonMon,OWC,5,UP,316.2,12:36,,3.9,,,,
2/10/2023,2023,2,10,MonMon,OWC,5,UP,339.5,12:38,,3.9,,,,
2/10/2023,2023,2,10,MonMon,OWC,5,UP,327.3,12:39,,3.9,,,,
2/10/2023,2023,2,10,MonMon,OWC,5,UP,283.5,12:40,,3.9,,,,
2/10/2023,2023,2,10,MonMon,OWC,5,UP,305.5,12:45,,3.9,,,,
2/10/2023,2023,2,10,MonMon,OWC,10,W,38,11:01,,3.9,,,,
2/10/2023,2023,2,10,MonMon,OWC,10,W,-20.5,11:04,,3.9,,,,
2/10/2023,2023,2,10,MonMon,OWC,10,W,-77.9,11:10,,3.9,,,,
2/10/2023,2023,2,10,MonMon,OWC,10,W,-87.4,11:12,,3.9,,,,
2/10/2023,2023,2,10,MonMon,OWC,10,W,-58.9,11:14,,3.9,,,,
2/10/2023,2023,2,10,MonMon,OWC,10,W,-62.6,11:15,,3.9,,,,
2/10/2023,2023,2,10,MonMon,OWC,10,TR,260.6,12:05,,3.9,,,,
2/10/2023,2023,2,10,MonMon,OWC,10,TR,291.6,12:06,,3.9,,,,
2/10/2023,2023,2,10,MonMon,OWC,10,TR,304.6,12:07,,3.9,,,,
2/10/2023,2023,2,10,MonMon,OWC,10,TR,228.6,12:09,,3.9,,,,
2/10/2023,2023,2,10,MonMon,OWC,10,TR,238.6,12:10,,3.9,,,,
2/10/2023,2023,2,10,MonMon,OWC,10,TR,309.1,12:10,,3.9,,,,
2/10/2023,2023,2,10,MonMon,OWC,10,UP,275.6,12:46,,3.9,,,,
2/10/2023,2023,2,10,MonMon,OWC,10,UP,335.8,12:46,,3.9,,,,
2/10/2023,2023,2,10,MonMon,OWC,10,UP,350.6,12:48,,3.9,,,,
2/10/2023,2023,2,10,MonMon,OWC,10,UP,312.2,12:49,,3.9,,,,
2/10/2023,2023,2,10,MonMon,OWC,10,UP,234.6,12:50,,3.9,,,,
2/10/2023,2023,2,10,MonMon,OWC,10,UP,343.8,12:51,,3.9,,,,
2/10/2023,2023,2,10,MonMon,OWC,20,W,-93.1,11:17,,3.9,,,,
2/10/2023,2023,2,10,MonMon,OWC,20,W,-115.3,11:18,,3.9,,,,
2/10/2023,2023,2,10,MonMon,OWC,20,W,-109.5,11:19,,3.9,,,,
2/10/2023,2023,2,10,MonMon,OWC,20,W,-113.6,11:20,,3.9,,,,
2/10/2023,2023,2,10,MonMon,OWC,20,W,-109.4,11:21,,3.9,,,,
2/10/2023,2023,2,10,MonMon,OWC,20,W,-118.5,11:22,,3.9,,,,
2/10/2023,2023,2,10,MonMon,OWC,20,TR,209,12:12,,3.9,,,,
2/10/2023,2023,2,10,MonMon,OWC,20,TR,246.6,12:13,,3.9,,,,
2/10/2023,2023,2,10,MonMon,OWC,20,TR,293.1,12:14,,3.9,,,,
2/10/2023,2023,2,10,MonMon,OWC,20,TR,266.8,12:15,,3.9,,,,
2/10/2023,2023,2,10,MonMon,OWC,20,TR,221.6,12:22,,3.9,,,,
2/10/2023,2023,2,10,MonMon,OWC,20,TR,279.3,12:23,,3.9,,,,
2/10/2023,2023,2,10,MonMon,OWC,20,UP,391.3,12:52,,3.9,,,,
2/10/2023,2023,2,10,MonMon,OWC,20,UP,266.2,12:55,,3.9,,,,
2/10/2023,2023,2,10,MonMon,OWC,20,UP,375.8,12:56,,3.9,,,,
2/10/2023,2023,2,10,MonMon,OWC,20,UP,354.2,12:57,,3.9,,,,
2/10/2023,2023,2,10,MonMon,OWC,20,UP,308.3,12:58,,3.9,,,,
2/10/2023,2023,2,10,MonMon,OWC,20,UP,371.1,12:59,,3.9,,,,
2/21/2023,2023,2,21,MonMon,CRC,5,W,123.7,13:03,5.6,4.5,,,,
2/21/2023,2023,2,21,MonMon,CRC,5,W,92.3,13:04,4.4,4.5,,,,
2/21/2023,2023,2,21,MonMon,CRC,5,W,169.3,13:05,7.0,4.5,,,,
2/21/2023,2023,2,21,MonMon,CRC,5,W,131.8,13:06,3.5,4.5,,,,
2/21/2023,2023,2,21,MonMon,CRC,5,W,118.7,13:07,5.3,4.5,,,,
2/21/2023,2023,2,21,MonMon,CRC,5,W,106.8,13:09,3.4,4.5,,,,
2/21/2023,2023,2,21,MonMon,CRC,5,TR,274.5,14:50,2.7,4.5,,,,
2/21/2023,2023,2,21,MonMon,CRC,5,TR,272.2,14:52,,4.5,,,,
2/21/2023,2023,2,21,MonMon,CRC,5,TR,166.9,15:04,3.1,4.5,,,,
2/21/2023,2023,2,21,MonMon,CRC,5,TR,134.4,15:06,5.8,4.5,,,,
2/21/2023,2023,2,21,MonMon,CRC,5,TR,235.4,15:10,4.2,4.5,,,,
2/21/2023,2023,2,21,MonMon,CRC,5,TR,193.3,15:11,4.7,4.5,,,,
2/21/2023,2023,2,21,MonMon,CRC,5,UP,316.3,9:58,4.4,4.5,,,,
2/21/2023,2023,2,21,MonMon,CRC,5,UP,318.6,10:00,4.7,4.5,,,,
2/21/2023,2023,2,21,MonMon,CRC,5,UP,339,10:03,4.3,4.5,,,,
2/21/2023,2023,2,21,MonMon,CRC,5,UP,286.5,10:14,,4.5,,,,
2/21/2023,2023,2,21,MonMon,CRC,5,UP,339.1,10:16,4.6,4.5,,,,
2/21/2023,2023,2,21,MonMon,CRC,5,UP,274.2,10:19,4.9,4.5,,,,
2/21/2023,2023,2,21,MonMon,CRC,10,W,232.7,13:24,,4.5,,,,
2/21/2023,2023,2,21,MonMon,CRC,10,W,209.2,13:25,,4.5,,,,
2/21/2023,2023,2,21,MonMon,CRC,10,W,214.1,13:26,,4.5,,,,
2/21/2023,2023,2,21,MonMon,CRC,10,W,120.1,13:27,,4.5,,,,
2/21/2023,2023,2,21,MonMon,CRC,10,W,190.1,13:28,,4.5,,,,
2/21/2023,2023,2,21,MonMon,CRC,10,W,227.3,13:29,,4.5,,,,
2/21/2023,2023,2,21,MonMon,CRC,10,TR,141.4,15:15,,4.5,,,,
2/21/2023,2023,2,21,MonMon,CRC,10,TR,168.3,15:16,,4.5,,,,
2/21/2023,2023,2,21,MonMon,CRC,10,TR,148.4,15:19,,4.5,,,,
2/21/2023,2023,2,21,MonMon,CRC,10,TR,264.3,15:25,,4.5,,,,
2/21/2023,2023,2,21,MonMon,CRC,10,TR,212.3,15:29,,4.5,,,,
2/21/2023,2023,2,21,MonMon,CRC,10,TR,225,15:21,,4.5,,,,
2/21/2023,2023,2,21,MonMon,CRC,10,UP,284.2,10:27,,4.5,,,,
2/21/2023,2023,2,21,MonMon,CRC,10,UP,343.1,10:30,,4.5,,,,
2/21/2023,2023,2,21,MonMon,CRC,10,UP,306.8,10:32,,4.5,,,,
2/21/2023,2023,2,21,MonMon,CRC,10,UP,337.8,10:35,,4.5,,,,
2/21/2023,2023,2,21,MonMon,CRC,10,UP,331.5,10:37,,4.5,,,,
2/21/2023,2023,2,21,MonMon,CRC,10,UP,327,10:41,,4.5,,,,
2/21/2023,2023,2,21,MonMon,CRC,20,W,244.7,13:39,,4.5,,,,
2/21/2023,2023,2,21,MonMon,CRC,20,W,262.8,13:41,,4.5,,,,
2/21/2023,2023,2,21,MonMon,CRC,20,W,254.1,13:43,,4.5,,,,
2/21/2023,2023,2,21,MonMon,CRC,20,W,244.4,13:44,,4.5,,,,
2/21/2023,2023,2,21,MonMon,CRC,20,W,217.8,13:46,,4.5,,,,
2/21/2023,2023,2,21,MonMon,CRC,20,W,258.1,13:47,,4.5,,,,
2/21/2023,2023,2,21,MonMon,CRC,20,TR,215.5,15:40,,4.5,,,,
2/21/2023,2023,2,21,MonMon,CRC,20,TR,244.2,15:00,,4.5,,,,
2/21/2023,2023,2,21,MonMon,CRC,20,TR,157.3,15:47,,4.5,,,,
2/21/2023,2023,2,21,MonMon,CRC,20,TR,169.2,15:48,,4.5,,,,
2/21/2023,2023,2,21,MonMon,CRC,20,TR,161,15:49,,4.5,,,,
2/21/2023,2023,2,21,MonMon,CRC,20,TR,215.8,15:50,,4.5,,,,
2/21/2023,2023,2,21,MonMon,CRC,20,UP,322.1,10:46,,4.5,,,,
2/21/2023,2023,2,21,MonMon,CRC,20,UP,372.6,10:50,,4.5,,,,
2/21/2023,2023,2,21,MonMon,CRC,20,UP,380.3,10:52,,4.5,,,,
2/21/2023,2023,2,21,MonMon,CRC,20,UP,367.6,10:54,,4.5,,,,
2/21/2023,2023,2,21,MonMon,CRC,20,UP,364.4,10:56,,4.5,,,,
2/21/2023,2023,2,21,MonMon,CRC,20,UP,356.4,10:58,,4.5,,,,
2/24/2023,2023,2,24,MonMon,PTR,5,W,294.5,11:48,7.1,4.854545455,,,,
2/24/2023,2023,2,24,MonMon,PTR,5,W,240.9,11:54,4.6,4.854545455,,,,
2/24/2023,2023,2,24,MonMon,PTR,5,W,282.1,11:55,5.1,4.854545455,,,,
2/24/2023,2023,2,24,MonMon,PTR,5,W,193.5,12:12,4,4.854545455,,,,
2/24/2023,2023,2,24,MonMon,PTR,5,W,261.9,12:13,4.3,4.854545455,,,,
2/24/2023,2023,2,24,MonMon,PTR,5,W,306,12:18,4.5,4.854545455,,,,
2/24/2023,2023,2,24,MonMon,PTR,5,TR,353.3,13:02,3.9,4.854545455,,,,
2/24/2023,2023,2,24,MonMon,PTR,5,TR,355.8,13:05,4.2,4.854545455,,,,
2/24/2023,2023,2,24,MonMon,PTR,5,TR,369.3,13:06,4.8,4.854545455,,,,
2/24/2023,2023,2,24,MonMon,PTR,5,TR,323.3,13:11,6.2,4.854545455,,,,
2/24/2023,2023,2,24,MonMon,PTR,5,TR,360.4,13:15,5.3,4.854545455,,,,
2/24/2023,2023,2,24,MonMon,PTR,5,TR,374.6,13:16,6.5,4.854545455,,,,
2/24/2023,2023,2,24,MonMon,PTR,5,UP,333.5,14:08,,4.854545455,,,,
2/24/2023,2023,2,24,MonMon,PTR,5,UP,347.5,14:10,,4.854545455,,,,
2/24/2023,2023,2,24,MonMon,PTR,5,UP,363.1,14:15,,4.854545455,,,,
2/24/2023,2023,2,24,MonMon,PTR,5,UP,361.5,14:16,,4.854545455,,,,
2/24/2023,2023,2,24,MonMon,PTR,5,UP,369.1,14:20,,4.854545455,,,,
2/24/2023,2023,2,24,MonMon,PTR,5,UP,367.9,14:21,,4.854545455,,,,
2/24/2023,2023,2,24,MonMon,PTR,10,W,247.6,12:19,,4.854545455,,,,
2/24/2023,2023,2,24,MonMon,PTR,10,W,244.9,12:20,,4.854545455,,,,
2/24/2023,2023,2,24,MonMon,PTR,10,W,278.8,12:21,,4.854545455,,,,
2/24/2023,2023,2,24,MonMon,PTR,10,W,168,12:22,,4.854545455,,,,
2/24/2023,2023,2,24,MonMon,PTR,10,W,281.3,12:24,,4.854545455,,,,
2/24/2023,2023,2,24,MonMon,PTR,10,W,272.8,12:26,,4.854545455,,,,
2/24/2023,2023,2,24,MonMon,PTR,10,TR,361.4,13:18,,4.854545455,,,,
2/24/2023,2023,2,24,MonMon,PTR,10,TR,361.8,13:19,,4.854545455,,,,
2/24/2023,2023,2,24,MonMon,PTR,10,TR,389.4,13:21,,4.854545455,,,,
2/24/2023,2023,2,24,MonMon,PTR,10,TR,377.6,13:26,,4.854545455,,,,
2/24/2023,2023,2,24,MonMon,PTR,10,TR,328.4,13:34,,4.854545455,,,,
2/24/2023,2023,2,24,MonMon,PTR,10,TR,382.6,13:35,,4.854545455,,,,
2/24/2023,2023,2,24,MonMon,PTR,10,UP,326.1,14:23,,4.854545455,,,,
2/24/2023,2023,2,24,MonMon,PTR,10,UP,368.1,14:23,,4.854545455,,,,
2/24/2023,2023,2,24,MonMon,PTR,10,UP,389.2,14:24,,4.854545455,,,,
2/24/2023,2023,2,24,MonMon,PTR,10,UP,369.2,14:25,,4.854545455,,,,
2/24/2023,2023,2,24,MonMon,PTR,10,UP,392.4,14:26,,4.854545455,,,,
2/24/2023,2023,2,24,MonMon,PTR,10,UP,386.2,14:27,,4.854545455,,,,
2/24/2023,2023,2,24,MonMon,PTR,20,W,219.8,12:34,,4.854545455,,,,
2/24/2023,2023,2,24,MonMon,PTR,20,W,239.2,12:36,,4.854545455,,,,
2/24/2023,2023,2,24,MonMon,PTR,20,W,296.9,12:37,,4.854545455,,,,
2/24/2023,2023,2,24,MonMon,PTR,20,W,163.1,12:38,,4.854545455,,,,
2/24/2023,2023,2,24,MonMon,PTR,20,W,264.6,12:41,,4.854545455,,,,
2/24/2023,2023,2,24,MonMon,PTR,20,W,290.7,12:42,,4.854545455,,,,
2/24/2023,2023,2,24,MonMon,PTR,20,TR,424.3,13:36,,4.854545455,,,,
2/24/2023,2023,2,24,MonMon,PTR,20,TR,323.4,13:37,,4.854545455,,,,
2/24/2023,2023,2,24,MonMon,PTR,20,TR,405.3,13:38,,4.854545455,,,,
2/24/2023,2023,2,24,MonMon,PTR,20,TR,398.2,13:40,,4.854545455,,,,
2/24/2023,2023,2,24,MonMon,PTR,20,TR,394,13:44,,4.854545455,,,,
2/24/2023,2023,2,24,MonMon,PTR,20,TR,405,13:45,,4.854545455,,,,
2/24/2023,2023,2,24,MonMon,PTR,20,UP,382.3,14:29,,4.854545455,,,,
2/24/2023,2023,2,24,MonMon,PTR,20,UP,410.6,14:30,,4.854545455,,,,
2/24/2023,2023,2,24,MonMon,PTR,20,UP,410.2,14:31,,4.854545455,,,,
2/24/2023,2023,2,24,MonMon,PTR,20,UP,417.6,14:32,,4.854545455,,,,
2/24/2023,2023,2,24,MonMon,PTR,20,UP,426.9,14:33,,4.854545455,,,,
2/24/2023,2023,2,24,MonMon,PTR,20,UP,427.1,14:34,,4.854545455,,,,
3/24/2023,2023,3,24,MonMon,CRC,5,W,28.2,,5.3,5.3,,,,
3/24/2023,2023,3,24,MonMon,CRC,5,W,30.3,,5.1,5.3,,,,
3/24/2023,2023,3,24,MonMon,CRC,5,W,21.1,,5.4,5.3,,,,
3/24/2023,2023,3,24,MonMon,CRC,5,W,76.7,,5.1,5.3,,,,
3/24/2023,2023,3,24,MonMon,CRC,5,W,38.5,,5.3,5.3,,,,
3/24/2023,2023,3,24,MonMon,CRC,5,W,71.7,,5.2,5.3,,,,
3/24/2023,2023,3,24,MonMon,CRC,10,W,118.8,,5.1,5.3,,,,
3/24/2023,2023,3,24,MonMon,CRC,10,W,216,,5.0,5.3,,,,
3/24/2023,2023,3,24,MonMon,CRC,10,W,176.4,,5.3,5.3,,,,
3/24/2023,2023,3,24,MonMon,CRC,10,W,159.6,,5.0,5.3,,,,
3/24/2023,2023,3,24,MonMon,CRC,20,W,230.9,,5.5,5.3,,,,
3/24/2023,2023,3,24,MonMon,CRC,20,W,261.9,,5.4,5.3,,,,
3/24/2023,2023,3,24,MonMon,CRC,20,W,201.7,,5.7,5.3,,,,
3/24/2023,2023,3,24,MonMon,CRC,20,W,205.6,,5.8,5.3,,,,
3/24/2023,2023,3,24,MonMon,CRC,5,TR,162.8,,5.2,5.3,,,,
3/24/2023,2023,3,24,MonMon,CRC,5,TR,136.5,,5.4,5.3,,,,
3/24/2023,2023,3,24,MonMon,CRC,5,TR,54.9,,5.2,5.3,,,,
3/24/2023,2023,3,24,MonMon,CRC,5,TR,85.3,,5.1,5.3,,,,
3/24/2023,2023,3,24,MonMon,CRC,5,TR,164.4,,,5.3,,,,
3/24/2023,2023,3,24,MonMon,CRC,5,TR,217.2,,,5.3,,,,
3/24/2023,2023,3,24,MonMon,CRC,10,TR,153.1,,,5.3,,,,
3/24/2023,2023,3,24,MonMon,CRC,10,TR,162.2,,,5.3,,,,
3/24/2023,2023,3,24,MonMon,CRC,10,TR,116.2,,,5.3,,,,
3/24/2023,2023,3,24,MonMon,CRC,10,TR,173.8,,,5.3,,,,
3/24/2023,2023,3,24,MonMon,CRC,10,TR,224.9,,,5.3,,,,
3/24/2023,2023,3,24,MonMon,CRC,20,TR,249.2,,,5.3,,,,
3/24/2023,2023,3,24,MonMon,CRC,20,TR,233.4,,,5.3,,,,
3/24/2023,2023,3,24,MonMon,CRC,20,TR,269,,,5.3,,,,
3/24/2023,2023,3,24,MonMon,CRC,20,TR,149.4,,,5.3,,,,
3/24/2023,2023,3,24,MonMon,CRC,20,TR,139.6,,,5.3,,,,
3/24/2023,2023,3,24,MonMon,CRC,20,TR,175.8,,,5.3,,,,
3/24/2023,2023,3,24,MonMon,CRC,5,UP,374.8,,,5.3,,,,
3/24/2023,2023,3,24,MonMon,CRC,5,UP,376.7,,,5.3,,,,
3/24/2023,2023,3,24,MonMon,CRC,5,UP,375.3,,,5.3,,,,
3/24/2023,2023,3,24,MonMon,CRC,5,UP,362.3,,,5.3,,,,
3/24/2023,2023,3,24,MonMon,CRC,5,UP,350.9,,,5.3,,,,
3/24/2023,2023,3,24,MonMon,CRC,5,UP,332,,,5.3,,,,
3/24/2023,2023,3,24,MonMon,CRC,10,UP,415.1,,,5.3,,,,
3/24/2023,2023,3,24,MonMon,CRC,10,UP,442.6,,,5.3,,,,
3/24/2023,2023,3,24,MonMon,CRC,10,UP,392.4,,,5.3,,,,
3/24/2023,2023,3,24,MonMon,CRC,10,UP,336.9,,,5.3,,,,
3/24/2023,2023,3,24,MonMon,CRC,10,UP,389.9,,,5.3,,,,
3/24/2023,2023,3,24,MonMon,CRC,10,UP,350.8,,,5.3,,,,
3/24/2023,2023,3,24,MonMon,CRC,20,UP,401.3,,,5.3,,,,
3/24/2023,2023,3,24,MonMon,CRC,20,UP,422.1,,,5.3,,,,
3/24/2023,2023,3,24,MonMon,CRC,20,UP,397.3,,,5.3,,,,
3/24/2023,2023,3,24,MonMon,CRC,20,UP,366.5,,,5.3,,,,
3/24/2023,2023,3,24,MonMon,CRC,20,UP,416.1,,,5.3,,,,
3/24/2023,2023,3,24,MonMon,CRC,20,UP,387.8,,,5.3,,,,
4/14/2023,2023,4,14,MonMon,CRC,5,W,-27.8,10:29,15.5,17.52,,,,
4/14/2023,2023,4,14,MonMon,CRC,5,W,-102.1,10:30,18.7,17.52,,,,
4/14/2023,2023,4,14,MonMon,CRC,5,W,7.9,10:31,17.3,17.52,,,,
4/14/2023,2023,4,14,MonMon,CRC,5,W,-111.1,10:33,,17.52,,,,
4/14/2023,2023,4,14,MonMon,CRC,5,W,-49.9,10:34,19.9,17.52,,,,
4/14/2023,2023,4,14,MonMon,CRC,5,W,-59.1,10:35,16.2,17.52,,,,
4/14/2023,2023,4,14,MonMon,CRC,10,W,138.3,10:37,,17.52,,,,
4/14/2023,2023,4,14,MonMon,CRC,10,W,-8.8,10:39,,17.52,,,,
4/14/2023,2023,4,14,MonMon,CRC,10,W,39,10:42,,17.52,,,,
4/14/2023,2023,4,14,MonMon,CRC,10,W,23.7,10:47,,17.52,,,,
4/14/2023,2023,4,14,MonMon,CRC,10,W,90.1,10:48,,17.52,,,,
4/14/2023,2023,4,14,MonMon,CRC,10,W,138.9,10:49,,17.52,,,,
4/14/2023,2023,4,14,MonMon,CRC,20,W,221.7,10:50,,17.52,,,,
4/14/2023,2023,4,14,MonMon,CRC,20,W,158.5,10:53,,17.52,,,,
4/14/2023,2023,4,14,MonMon,CRC,20,W,198.4,10:57,,17.52,,,,
4/14/2023,2023,4,14,MonMon,CRC,20,W,188.2,11:03,,17.52,,,,
4/14/2023,2023,4,14,MonMon,CRC,20,W,81.8,11:03,,17.52,,,,
4/14/2023,2023,4,14,MonMon,CRC,20,W,219.7,11:06,,17.52,,,,
4/14/2023,2023,4,14,MonMon,CRC,5,TR,12.4,11:34,,17.52,,,,
4/14/2023,2023,4,14,MonMon,CRC,5,TR,52.1,11:42,,17.52,,,,
4/14/2023,2023,4,14,MonMon,CRC,5,TR,55.2,11:45,,17.52,,,,
4/14/2023,2023,4,14,MonMon,CRC,5,TR,28.9,11:54,,17.52,,,,
4/14/2023,2023,4,14,MonMon,CRC,5,TR,139.9,11:56,,17.52,,,,
4/14/2023,2023,4,14,MonMon,CRC,5,TR,58.8,11:59,,17.52,,,,
4/14/2023,2023,4,14,MonMon,CRC,10,TR,95.9,12:04,,17.52,,,,
4/14/2023,2023,4,14,MonMon,CRC,10,TR,118,12:06,,17.52,,,,
4/14/2023,2023,4,14,MonMon,CRC,10,TR,12.4,12:07,,17.52,,,,
4/14/2023,2023,4,14,MonMon,CRC,10,TR,152.9,12:08,,17.52,,,,
4/14/2023,2023,4,14,MonMon,CRC,10,TR,111.3,12:09,,17.52,,,,
4/14/2023,2023,4,14,MonMon,CRC,10,TR,63,12:14,,17.52,,,,
4/14/2023,2023,4,14,MonMon,CRC,20,TR,72,12:14,,17.52,,,,
4/14/2023,2023,4,14,MonMon,CRC,20,TR,103.2,12:16,,17.52,,,,
4/14/2023,2023,4,14,MonMon,CRC,20,TR,48.2,12:20,,17.52,,,,
4/14/2023,2023,4,14,MonMon,CRC,20,TR,154.5,12:21,,17.52,,,,
4/14/2023,2023,4,14,MonMon,CRC,20,TR,114.8,12:27,,17.52,,,,
4/14/2023,2023,4,14,MonMon,CRC,20,TR,149.4,12:32,,17.52,,,,
4/14/2023,2023,4,14,MonMon,CRC,5,UP,348.7,13:19,,17.52,,,,
4/14/2023,2023,4,14,MonMon,CRC,5,UP,321.7,13:26,,17.52,,,,
4/14/2023,2023,4,14,MonMon,CRC,5,UP,310.1,13:26,,17.52,,,,
4/14/2023,2023,4,14,MonMon,CRC,5,UP,296.9,13:27,,17.52,,,,
4/14/2023,2023,4,14,MonMon,CRC,5,UP,264,13:30,,17.52,,,,
4/14/2023,2023,4,14,MonMon,CRC,5,UP,309.7,13:34,,17.52,,,,
4/14/2023,2023,4,14,MonMon,CRC,10,UP,387,13:35,,17.52,,,,
4/14/2023,2023,4,14,MonMon,CRC,10,UP,338.2,13:36,,17.52,,,,
4/14/2023,2023,4,14,MonMon,CRC,10,UP,344.6,13:37,,17.52,,,,
4/14/2023,2023,4,14,MonMon,CRC,10,UP,323.5,13:38,,17.52,,,,
4/14/2023,2023,4,14,MonMon,CRC,10,UP,317.4,13:39,,17.52,,,,
4/14/2023,2023,4,14,MonMon,CRC,10,UP,344.1,13:43,,17.52,,,,
4/14/2023,2023,4,14,MonMon,CRC,20,UP,410,13:44,,17.52,,,,
4/14/2023,2023,4,14,MonMon,CRC,20,UP,380.1,13:45,,17.52,,,,
4/14/2023,2023,4,14,MonMon,CRC,20,UP,399.1,13:45,,17.52,,,,
4/14/2023,2023,4,14,MonMon,CRC,20,UP,383.4,13:47,,17.52,,,,
4/14/2023,2023,4,14,MonMon,CRC,20,UP,355.2,13:48,,17.52,,,,
4/14/2023,2023,4,14,MonMon,CRC,20,UP,402.3,13:51,,17.52,,,,
